Language,Country,Duration,Budget,Gross Earnings,Facebook_Likes_Director,Facebook_Likes_Actor,Facebook_Likes_Music,Facebook_Likes_Actress,Facebook_Likes_Total_Cast,Facenumber_in_posters,User_upvotes,Reviews_by_Users,IMDB_Score
English,USA,123,385907,2300000,204,436,22,9,481,1,10718,88,8
English,USA,110,100000,3000000,0,2,2,0,4,1,5,1,4.8
English,USA,151,245000,3000000,54,81,12,6,108,0,4849,45,8.3
German,Germany,145,6000000,26435,756,136,23,18,203,1,111841,413,8.3
German,Germany,110,6000000,9950,21,426,20,3,455,1,7431,84,8
English,USA,100,379000,2808000,4,77,28,4,109,8,4546,71,6.3
English,USA,96,3950000,2808000,177,431,12,4,457,1,3753,53,7.8
English,USA,79,800000,2500000,57,998,164,99,1284,1,3519,46,6.6
English,USA,89,439000,2300000,24,610,105,45,995,2,7921,97,7.7
English,USA,66,200000,2300000,16,418,85,28,583,1,4152,59,6.5
English,USA,65,325000,2300000,964,380,114,21,540,1,64888,235,8.2
English,USA,81,609000,3000000,10,610,172,23,824,2,13269,98,7.8
English,USA,87,1500000,163245,0,309,8,8,352,1,143086,211,8.6
English,USA,100,1200000,163245,345,843,490,94,1621,3,3418,52,7.1
English,USA,83,2000000,184925485,0,82,47,31,229,1,133348,204,7.7
English,USA,101,2000000,184925485,19,490,185,135,1166,2,3256,44,7.8
English,USA,106,2000000,184925485,85,480,392,300,1833,2,1381,29,7
English,USA,126,1644736,184925485,964,319,302,275,1363,10,17799,133,8
English,USA,226,3977000,198655278,149,503,384,248,1862,1,215340,706,8.2
English,USA,120,1500000,198655278,964,607,319,248,1573,7,77392,245,8.2
English,USA,102,2800000,22202612,149,695,421,357,2509,3,291875,533,8.1
English,USA,119,1614000,22202612,6,1000,760,380,2555,8,2269,34,7.1
English,USA,120,2280000,76400000,11,16,0,380,16,0,71321,230,7.8
English,USA,88,2600000,84300000,3,1000,48,40,1178,0,90360,147,7.5
English,USA,130,1288000,84300000,13000,1000,991,333,2888,2,87424,276,8.2
English,USA,83,1288000,84300000,9,94,62,51,293,1,1047,25,6.5
English,USA,118,1250000,84300000,673,595,176,137,1129,5,15840,124,7.8
English,USA,70,1250000,102797150,11,16,12,8,63,0,94225,136,7.4
English,USA,82,950000,102797150,345,2000,607,269,3442,4,387508,1123,8.6
English,USA,122,2627000,102797150,149,760,675,315,2555,0,1553,27,7
English,USA,101,2361000,102797150,24,675,659,226,1627,2,1079,28,6.5
English,USA,95,1696377,102797150,13000,472,239,82,896,1,32927,161,7.6
English,USA,100,1696377,102797150,9,188,135,37,496,2,2756,55,7.1
English,USA,101,1250000,102797150,0,287,160,66,581,4,24959,136,8
English,USA,119,2160000,102797150,10,509,284,275,1490,0,1314,29,7.5
English,USA,144,8000000,23650000,54,469,436,332,2037,0,6304,87,6.9
English,USA,118,3180000,20400000,964,488,275,248,1844,0,275720,706,8.6
English,USA,172,2100000,23650000,355,749,208,188,1941,5,40359,235,8.1
English,USA,118,2000000,23650000,603,936,297,167,1846,3,10791,113,7.4
English,USA,92,2300000,7927,0,1000,29,18,1055,1,19236,175,7.7
English,USA,95,3209000,23650000,5,197,116,100,538,1,989,23,6.2
English,USA,68,3209000,23650000,2,142,86,75,354,3,67,9,7.1
English,USA,126,3000000,23650000,393,862,376,281,2269,0,21316,162,7.8
English,USA,102,3700000,2956000,136,89,78,48,282,0,3258,54,7.1
English,USA,109,1000000,2956000,23,183,102,88,510,0,7346,69,7.2
English,USA,103,1600000,2956000,673,281,230,89,955,1,11920,90,7.4
English,USA,107,3768785,8000000,24,277,244,83,731,0,3167,90,7
English,USA,152,4000000,36000000,309,232,178,132,825,0,9456,107,6.7
English,USA,118,1650000,36000000,160,862,488,426,2247,5,33987,150,7.8
English,USA,92,1250000,36000000,83,469,79,48,683,0,11047,116,7.1
English,USA,80,210000,5000000,7,57,40,21,205,0,4812,88,6.7
English,USA,135,5000000,36000000,28,726,422,275,1920,1,6359,69,6.8
English,USA,127,5000000,36000000,130,617,53,51,799,0,22123,108,7.2
English,USA,127,5000000,36000000,130,618,53,51,800,0,22124,108,7.2
English,USA,108,910000,9600000,603,10000,416,279,11094,2,100890,281,8.2
Japanese,Japan,202,2000000,269061,0,304,8,4,338,6,229012,596,8.7
English,UK,161,3000000,27200000,767,682,119,87,1035,2,149444,273,8.2
English,USA,108,3000000,27200000,174,253,197,110,649,0,33741,141,8.1
English,USA,141,5000000,27200000,54,746,333,70,1332,2,2017,33,6.2
English,USA,120,2883848,25000000,0,105,103,102,527,2,175196,350,8.3
English,USA,149,3500000,25000000,160,157,139,75,646,0,7071,83,7.6
English,USA,146,3000000,25000000,174,556,422,125,1444,1,7998,81,7.9
English,USA,108,806947,32000000,13000,606,332,285,1885,2,422432,1040,8.5
English,USA,152,6000000,43650000,34,804,271,249,1802,0,71919,316,7.6
English,UK,110,1100000,16067035,92,650,275,177,1421,4,116642,389,7.3
English,UK,227,15000000,6000000,767,607,202,87,1076,8,192775,559,8.4
English,UK,251,31115000,57750000,311,940,726,595,2957,2,21554,192,7
English,USA,109,2686585,57750000,673,756,370,359,1949,1,5786,65,6.9
English,UK,115,2000000,24800000,92,559,201,177,1456,0,89403,358,7.5
English,USA,112,2500000,24800000,58,617,189,124,1141,0,15277,120,7.9
English,USA,197,9400000,46300000,176,924,898,760,4109,0,29323,344,7.6
English,USA,172,4000000,46300000,120,773,742,145,1785,0,165638,301,8.3
English,UK,121,1000000,46300000,62,883,269,69,1371,1,8508,56,6.8
Italian,Italy,99,200000,3500000,0,16000,360,93,16534,1,147566,235,8
English,UK,87,560000,515005,44,785,725,704,2538,1,31429,219,7.7
English,USA,95,1800000,515005,0,654,575,277,1991,0,342585,839,8.5
English,UK,110,3000000,51100000,82,387,202,177,1198,2,139432,418,7.8
English,USA,139,6000000,102300000,55,382,279,266,2045,2,107408,259,7.8
English,USA,170,17000000,72000000,165,453,272,244,1164,1,66959,258,7.9
English,USA,95,160000,12438,0,581,99,87,835,1,891,26,8.1
English,USA,172,19000000,12438,75,617,134,102,1131,0,6156,91,6.7
English,France,133,6700000,12438,287,343,94,28,502,0,10119,124,7.9
French,France,94,120000,12438,0,12,7,5,27,0,1962,10,7.4
English,USA,25,150000,12438,36,39,36,27,139,0,21826,126,8.4
English,USA,200,11000000,111722000,767,597,396,382,1966,2,55816,255,8
English,USA,152,3800000,14873,541,773,575,288,2888,2,5294,67,6.8
French,France,110,300000,14873,0,710,257,0,967,1,19386,74,7.7
English,USA,225,20000000,8000000,126,940,208,202,1934,6,6484,100,6.6
English,UK,94,20000000,8000000,82,694,196,47,964,1,340,7,7.3
English,USA,174,8200000,163214286,338,354,209,195,1495,3,148172,406,8
English,UK,130,9000000,63600000,92,244,189,177,1164,1,82073,275,7
English,USA,99,2000000,63600000,44,907,164,137,1807,0,6804,72,7
English,UK,120,2000000,63600000,160,559,269,94,1238,0,23713,167,7.9
English,USA,105,1377800,63600000,7,1000,370,356,2658,1,22975,155,6.5
English,USA,121,3500000,63600000,22,606,481,367,2402,1,5941,74,7
Italian,Italy,142,1200000,6100000,0,16000,34,24,16089,3,503509,780,8.9
English,UK,117,9500000,43100000,43,742,462,244,2127,0,75280,267,6.9
English,UK,161,12000000,56715371,0,273,117,73,727,0,427357,1736,8.3
English,UK,153,10000000,16800000,82,695,275,139,1593,1,25303,138,7.5
English,USA,110,6000000,102308900,131,640,566,399,2169,1,152089,309,8.1
French,France,123,1600000,26893,0,963,710,21,1694,0,4391,26,7.2
English,UK,142,7000000,22800000,13,803,314,244,1769,2,59941,452,6.8
English,USA,109,900000,9000000,199,503,46,44,731,8,7584,137,6.2
English,USA,122,18000000,9000000,0,643,559,191,2032,0,17277,124,7.2
English,USA,97,1200000,9000000,282,586,434,148,1581,1,1172,27,6.6
English,USA,143,25000000,5000000,688,638,50,42,788,2,1547,50,6.2
English,USA,172,12000000,5000000,76,654,416,78,1306,0,76398,258,8
English,USA,121,3716946,5000000,541,575,372,242,1970,2,6350,62,7.3
Italian,Italy,106,750000,5000000,973,319,90,48,500,1,17813,101,8.1
English,USA,124,11000000,5000000,58,338,275,104,800,0,2603,36,6.9
English,Japan,160,25000000,14500000,130,469,377,288,1548,0,25019,159,7.5
English,Italy,134,25000000,14500000,27,279,128,87,705,2,5911,76,7.3
English,USA,215,600000,13300000,14,262,227,136,778,0,12631,63,8.1
English,USA,82,2000000,13300000,11000,11000,430,167,11700,3,27646,105,7.1
English,UK,120,7200000,43800000,82,244,177,175,1105,2,74249,276,6.7
English,USA,98,2500000,43800000,11,595,521,450,2373,0,23546,92,6.3
English,USA,181,9000000,50000000,278,402,343,51,934,0,29839,150,8
English,USA,65,27000,8231,0,0,0,0,0,1,803,16,6.7
English,USA,97,500000,15180000,101,982,535,101,1631,1,3340,50,5.5
English,USA,115,6500000,15180000,338,116,112,45,394,0,25857,171,7.2
English,USA,104,1800000,15180000,607,813,165,109,1196,0,82476,280,7.8
English,USA,104,1800000,15180000,607,813,165,109,1196,0,82476,280,7.8
English,USA,106,1800000,15180000,6,440,98,13,564,1,544,19,6.8
English,USA,89,3000000,15180000,21,240,177,124,1011,1,128334,349,7.8
English,USA,168,4000000,15180000,0,713,649,69,1541,0,6303,129,7.6
English,USA,88,1700000,15180000,88,595,70,67,941,0,23268,95,6.1
Swedish,Sweden,91,400000,15180000,0,440,132,92,809,0,19964,197,8.2
English,USA,88,2000000,15180000,11000,11000,300,258,12034,5,31077,78,6.8
English,UK,116,2000000,15180000,13000,195,146,118,771,0,30982,199,7.5
English,USA,108,10000,180483,0,462,143,105,760,2,16792,183,6.1
English,USA,89,1000000,180483,136,844,184,42,1080,1,20678,199,6.7
Russian,Soviet Union,115,1000000,180483,0,29,29,12,95,0,54057,236,8.1
English,USA,175,6000000,134821952,0,14000,10000,3000,28122,1,1155770,2238,9.2
English,USA,112,777000,115000000,0,11000,2000,425,14954,1,63839,238,7.5
English,USA,96,1800000,115000000,88,595,356,196,1432,4,22764,91,5.5
English,USA,105,5500000,115000000,16000,16000,742,258,17599,0,36381,169,7.6
English,UK,121,7000000,35400000,82,581,547,189,1865,3,74957,251,6.8
English,USA,112,500000,32645,17000,22000,926,354,23737,0,67797,223,7.4
English,USA,106,4638783,32645,541,773,476,372,2409,0,13467,106,7.4
English,USA,89,2000000,32645,11000,11000,66,45,11192,0,33335,128,7.3
English,USA,132,8000000,204565000,607,1000,931,259,2466,0,284252,1058,8
English,USA,129,5500000,159600000,131,1000,559,417,2387,0,175607,252,8.3
English,USA,86,500000,39552600,24,407,189,142,1090,0,3411,36,6.1
English,USA,93,2600000,119500000,0,1000,1000,628,4701,0,95294,363,7.8
English,USA,113,1600000,119500000,0,11000,481,324,12157,2,74651,313,7.9
English,USA,105,4000000,119500000,0,597,222,116,1218,2,9007,50,7.3
English,USA,220,13000000,57300000,0,22000,14000,3000,39960,1,790926,650,9
English,UK,125,13000000,21000000,82,16000,387,244,17611,3,73950,258,6.8
English,USA,88,83532,30859000,365,383,371,177,1094,0,96410,826,7.5
English,USA,88,83532,30859000,365,383,371,177,1094,0,96411,826,7.5
English,USA,106,2800000,86300000,0,1000,595,481,2703,0,112671,315,8
English,UK,184,11000000,86300000,0,385,293,111,1104,0,101627,369,8.1
English,USA,80,300000,86300000,43,13000,926,668,14950,0,19875,147,6.2
English,USA,130,8000000,260000000,14000,813,559,366,2047,0,412454,962,8
English,UK,91,229575,1229197,0,795,561,332,2158,0,382240,660,8.3
English,USA,133,4400000,112000000,869,888,721,425,2176,0,680041,760,8.7
English,UK,113,5000000,112000000,688,462,278,80,971,0,19596,73,7.1
English,USA,120,4490375,112000000,13000,897,844,416,2811,1,15293,111,6.8
English,USA,119,9000000,25000000,23,1000,659,440,2951,1,39847,242,6.8
English,USA,121,3800000,25000000,0,3000,977,682,5987,0,103493,317,8.1
English,USA,106,5000000,25000000,44,559,249,136,1199,10,8930,90,6.6
English,USA,145,960000,117235247,80,13000,1000,794,16094,0,375240,542,8.1
English,USA,87,4400000,117235247,0,898,842,753,2951,0,12666,61,6.7
English,USA,110,1300000,117235247,17000,22000,745,595,23525,1,507063,881,8.3
English,USA,102,1300000,117235247,23,288,257,57,677,1,16323,91,7.3
English,UK,107,2800000,117235247,503,264,139,108,673,2,80958,310,7.6
English,UK,107,2800000,117235247,503,264,139,108,673,2,80961,310,7.6
English,USA,175,26000000,50800000,0,385,232,14,669,14,40277,210,7.4
English,USA,93,4000000,39200000,11000,11000,636,629,12691,0,192940,491,8.1
English,USA,130,5000000,39200000,0,1000,849,826,5191,0,15988,153,6.8
English,USA,135,19400870,128300000,14000,559,481,252,1591,0,139288,339,7.7
English,USA,91,17000000,128300000,22,669,642,255,1769,0,3701,71,5.2
English,USA,89,20000,128300000,0,195,158,121,837,1,69831,535,7.4
English,USA,118,14000000,128300000,128,931,726,467,2704,7,16294,252,3.7
English,USA,94,3400000,128300000,0,1000,628,605,2861,0,15115,102,6.7
English,USA,117,7840000,128300000,160,11000,949,898,15604,2,6454,44,7.4
English,USA,97,500000,17000000,8,423,23,22,516,0,3274,84,5.9
English,UK,107,9000000,1000000,6,963,750,375,2209,1,2215,26,6.3
English,USA,125,11000000,460935665,0,11000,1000,504,13485,1,911097,1470,8.7
English,USA,83,650000,460935665,644,119,29,11,190,0,13915,109,6.5
English,UK,123,14000000,46800000,43,456,244,238,1326,2,76477,275,7.1
English,USA,79,350000,46800000,0,246,29,23,345,0,440,21,4.1
English,USA,109,3000000,141600000,644,1000,783,559,3468,6,90177,257,7.6
English,Iran,127,14000000,1000000,109,16000,469,324,17250,0,524,8,6.5
English,USA,94,3000000,1000000,0,820,350,180,1618,0,37594,181,8
English,USA,145,11000000,1000000,278,13000,595,279,14735,2,5561,35,6.4
English,UK,126,5000000,1000000,82,11000,794,576,13591,2,13587,80,6.3
English,USA,110,6000000,181360000,116,1000,944,898,5127,2,170027,350,7.2
English,USA,101,300000,47000000,0,2000,742,598,4400,0,157857,1191,7.9
English,USA,101,300000,47000000,0,2000,742,598,4400,0,157857,1191,7.9
English,USA,101,300000,47000000,0,2000,742,598,4400,0,157863,1191,7.9
English,USA,131,20000000,102922376,82,813,366,85,1520,0,51314,265,5.7
English,USA,188,55000000,134218018,503,10000,593,467,12940,0,126357,497,7.3
English,UK,125,12000000,134218018,76,1000,837,801,4659,3,20660,123,7
English,UK,183,12000000,134218018,517,22000,11000,652,34025,2,232577,1026,8.2
English,USA,117,15000000,321952,17000,725,572,476,2783,0,12611,113,8.2
English,USA,118,24000000,13000000,0,738,295,227,1458,0,10895,150,5.2
English,USA,142,35000000,13000000,14000,16000,1000,642,20201,5,25193,217,5.9
English,UK,116,11000000,78900000,0,1000,581,513,2524,0,563827,1110,8.5
English,USA,123,11000000,78900000,189,813,388,87,1476,0,19228,146,7.8
English,USA,289,31500000,78800000,0,11000,10000,3000,25313,1,450676,983,8.5
English,USA,112,8000000,36500000,152,16000,466,459,17568,0,87090,142,7.6
English,Australia,93,200000,36500000,750,728,76,28,928,0,152232,303,7
English,USA,108,16000000,36500000,38,940,416,316,1945,7,5237,90,4.9
English,UK,126,34000000,62700000,43,244,202,177,1008,2,69534,294,6.3
English,USA,99,100000,62700000,9,116,24,10,170,2,509,10,5.8
English,USA,102,12000000,62700000,287,452,122,79,729,1,3000,75,5.4
English,USA,143,35000000,82300000,338,12000,664,643,16007,2,63330,405,6.4
English,USA,98,20000000,82300000,20,889,877,160,2110,0,18481,230,5.9
English,USA,118,2700000,82300000,19,481,81,48,681,0,8856,90,7.4
English,UK,110,6000000,82300000,735,187,34,20,297,2,11623,50,7
English,UK,95,6000000,76657000,21,1000,985,842,5673,0,25498,92,7.7
English,USA,125,8500000,29200000,43,563,236,122,1097,0,6142,52,6.9
English,USA,88,3500000,83400000,104,628,575,318,2726,0,160281,427,7.8
English,USA,98,6000000,39800000,11000,13000,573,484,14921,3,81599,250,7.4
English,USA,124,20000000,2000000,42,801,174,161,1462,0,2998,74,4.5
English,USA,124,20000000,79900000,150,874,816,572,2667,0,12974,84,7.5
English,USA,104,6500000,31899000,0,754,567,517,2442,0,23986,201,7.1
English,UK,111,20000000,31899000,24,591,488,455,2603,1,38017,247,6.4
English,USA,95,20000000,31899000,14,113,110,60,396,0,1955,44,3.4
English,USA,325,44000000,1500000,517,12000,849,678,14255,0,9830,189,6.8
English,Libya,156,35000000,1500000,278,695,279,249,1573,0,9852,55,8.4
English,USA,124,6000000,54800000,0,2000,553,535,5122,3,35130,283,7.8
English,Canada,94,2200000,54800000,0,311,59,51,498,1,1599,27,7.2
English,USA,109,10000000,69800000,6,1000,745,271,2419,1,18140,60,6.1
English,USA,121,18000000,45250,17000,22000,394,356,23008,1,235133,494,8.3
English,UK,119,36000000,7000000,5,521,372,249,1883,0,2933,70,4.7
English,USA,103,5100000,7000000,82,208,191,32,454,2,21049,249,7.3
English,USA,127,18000000,290158751,883,11000,504,441,12643,0,837759,900,8.8
English,USA,116,54000000,108200000,44,593,467,420,2908,4,76331,269,6.8
English,USA,104,4500000,108200000,116,1000,511,83,1662,0,50125,140,5.7
English,USA,148,27000000,54200000,644,1000,809,326,2566,1,142448,319,7.9
English,USA,124,5000000,54200000,0,12000,754,452,13864,1,161972,356,8.2
English,USA,89,1000000,21378000,0,2000,826,606,4877,0,46492,335,6.8
English,USA,89,1000000,21378000,0,2000,826,606,4878,0,46493,335,6.8
English,USA,100,10000000,21378000,394,2000,926,695,6296,0,7322,78,7.1
English,USA,146,19000000,21378000,0,888,629,413,2560,0,610333,1320,8.4
English,USA,107,18000000,21378000,0,517,376,101,1067,0,27629,149,7.4
English,UK,125,5500000,58800000,46,368,303,249,1651,0,40511,213,7.2
German,West Germany,293,14000000,11433134,249,362,21,18,469,0,168203,426,8.4
English,USA,108,18000000,6000000,25,1000,115,94,1263,0,10832,102,6.7
English,UK,106,6000000,25244700,0,742,602,381,2270,1,91017,284,7.2
English,UK,127,28000000,62300000,46,844,402,244,2118,1,72085,263,6.8
English,USA,87,1250000,19100000,49,309,121,59,707,0,39690,394,6.1
English,USA,96,250000,19100000,5,431,338,180,1228,0,1905,58,4.5
English,USA,78,10000000,19100000,13,753,695,378,2791,0,1040,31,4.2
English,Canada,90,9300000,19100000,0,187,176,123,646,0,23516,147,6.7
English,USA,92,11000000,19100000,0,1000,898,842,3931,0,36559,131,6.9
English,USA,92,11000000,19100000,0,1000,898,842,3931,0,36559,131,6.9
English,South Korea,140,48000000,19100000,92,1000,623,522,2704,1,491,16,2.7
English,Australia,87,2000000,9003011,750,745,531,41,1396,0,133966,294,7.6
English,USA,93,8000000,9003011,2,484,345,213,1455,1,3904,48,5
English,USA,129,5000000,9003011,24,977,485,157,2014,1,10564,161,6.7
English,USA,99,5000000,9003011,6,13000,970,142,14306,2,12519,107,6.4
English,Canada,94,4000000,105500000,84,110,95,95,582,0,31260,152,6.2
None,Canada,100,12500000,105500000,218,581,201,91,931,0,16281,96,7.4
English,USA,115,18000000,242374454,14000,11000,783,488,12906,1,661017,771,8.5
English,USA,195,35000000,242374454,631,635,631,521,2291,0,16255,127,7.5
English,USA,102,17000000,2000000,4,634,537,60,1262,0,1275,27,6.4
English,USA,118,14000000,800000,76,902,488,249,2079,0,892,21,5.2
English,USA,117,10000000,85300000,425,13000,11000,901,27378,1,48629,134,6.9
Italian,Italy,82,400000,126387,385,48,22,22,123,0,14985,253,6.9
English,USA,96,375000,126387,0,634,66,58,813,0,141219,740,7.6
English,USA,107,375000,126387,0,804,167,146,1285,2,3157,33,7.2
English,USA,91,1000000,17986000,287,1000,823,725,4438,0,22773,195,6.6
English,USA,98,18000000,8000000,28,372,262,102,927,0,1400,41,5
English,USA,122,12000000,8000000,30,1000,230,85,1456,0,16764,48,6.6
English,USA,100,12000000,8000000,55,3000,642,212,4277,0,763,10,5.7
English,UK,103,5000000,42365600,0,629,561,504,2730,0,45890,177,7
English,USA,98,20000000,8500000,15,691,374,281,1761,0,2061,34,5.4
English,USA,117,28000000,27000000,0,11000,759,521,13877,2,461609,1168,8.2
English,USA,108,28000000,27000000,32,602,427,180,1991,0,870,18,4.5
English,USA,93,18000000,27000000,261,783,782,697,3700,1,14193,106,6.1
English,USA,93,18000000,27000000,261,783,782,697,3700,1,14193,106,6.1
English,Canada,98,4300000,27000000,73,595,251,129,1105,4,6549,75,6.6
English,USA,129,20000000,37567440,468,919,691,183,2024,0,113065,337,6.9
English,USA,129,20000000,37567440,468,919,691,183,2024,0,113068,337,6.9
English,USA,130,8000000,37567440,0,875,826,602,2662,0,29932,211,6.9
English,USA,130,8000000,37567440,0,875,826,602,2662,0,29935,211,6.9
English,USA,110,5000000,14100000,272,801,796,551,2943,6,14995,87,7.2
English,USA,120,10500000,434949459,14000,861,725,548,2811,0,281842,515,7.9
English,USA,90,4500000,855798918,143,1000,901,811,5002,1,71217,228,7.2
English,USA,136,21000000,46700000,16000,16000,281,216,16805,1,19832,98,5.9
English,USA,93,14000000,46700000,270,13000,954,535,15192,1,172489,376,7.7
English,USA,93,14000000,46700000,270,13000,954,535,15192,1,172493,376,7.7
English,USA,91,4000000,36200000,49,72,31,20,174,0,31952,372,5.7
English,UK,240,22000000,36200000,0,545,429,249,1943,0,171726,256,8.1
English,USA,98,2500000,14400000,24,381,128,67,684,0,28589,532,4.6
English,USA,87,5000000,14400000,3,922,162,83,1324,0,881,32,6.2
English,USA,99,20000000,5333658,379,456,278,251,1356,2,2541,54,3.5
English,USA,120,10700000,76600000,365,887,770,723,3876,0,105446,321,7.4
English,USA,120,10700000,76600000,365,887,770,723,3876,0,105448,321,7.4
English,USA,116,11000000,78900000,120,12000,980,664,16539,2,91414,359,7.7
English,USA,105,1250000,78900000,0,883,655,467,3164,0,39,2,7.1
English,USA,90,8000000,78900000,152,21000,982,826,23714,0,15345,87,6.2
English,USA,114,35000000,69700000,19,1000,883,842,3688,2,7748,48,5.8
English,Australia,102,3500000,69700000,18,492,155,75,854,0,5894,56,7.3
English,USA,109,15000000,13782838,0,957,163,145,1757,0,258078,911,8.2
English,USA,129,16000000,54000000,0,844,617,359,2330,0,26310,154,7.8
English,USA,116,22000000,177200000,521,13000,521,481,14701,1,77366,194,7.4
English,USA,94,4000000,300400000,84,662,577,378,2076,0,104908,458,8.1
English,USA,95,4000000,94900000,213,225,174,92,791,0,35172,128,6.1
Portuguese,Brazil,99,4000000,94900000,9,866,308,3,1179,0,712,9,6.4
English,UK,116,27000000,94900000,170,14000,192,136,14744,1,23351,178,6
English,USA,107,5000000,12200000,8,926,400,268,2383,0,7973,65,6.3
English,Canada,100,7000000,12200000,161,10000,422,172,11059,0,3114,16,4.8
English,USA,88,550000,12200000,11,2000,433,221,2996,1,487,9,6.1
English,USA,98,15000000,61400000,11000,816,695,624,3617,1,71183,183,7.4
English,UK,121,36000000,55500000,883,180,172,133,762,3,48636,214,6.2
English,UK,131,27500000,67900000,46,594,303,293,1898,0,74374,225,6.6
English,USA,142,25000000,44700000,0,14000,670,638,16464,0,537442,851,8.3
English,USA,134,32500000,309125409,37,11000,1000,504,13649,0,681857,647,8.4
English,UK,125,39000000,60000000,44,593,542,420,2329,1,49934,224,4.9
English,USA,103,10000000,60000000,0,1000,278,275,2013,0,44804,182,7.2
English,USA,114,10000000,25600000,0,10000,919,699,12097,0,57363,308,7.2
English,USA,193,27000000,21500000,133,2000,826,820,6341,0,45271,170,7.9
English,UK,98,8000000,21500000,136,977,649,249,2413,0,802,15,4
English,USA,116,8000000,90400000,644,392,249,199,845,2,102895,159,7.5
English,USA,101,10000000,29500000,287,745,730,257,1954,0,25613,121,6.5
English,Canada,89,5952000,29500000,0,391,20,15,477,0,60522,228,7.3
English,USA,114,12000000,79568000,139,2000,883,793,4537,0,71842,152,7.1
English,UK,132,12000000,30400000,0,405,194,122,914,1,9503,68,6.6
English,USA,101,1800000,26505000,0,40000,852,574,42918,1,149285,668,7.5
English,USA,101,1800000,26505000,0,40000,852,574,42918,1,149293,668,7.5
English,UK,164,16000000,26400000,767,358,223,162,1334,0,12980,89,7.4
English,USA,180,18000000,51600000,869,692,670,521,3076,0,270790,549,8.3
English,USA,105,14000000,234760500,102,901,605,383,3464,1,126464,175,7.3
English,USA,114,10000000,417921000,0,537,376,298,1856,0,20113,178,6.8
English,USA,96,1250000,601081500,4,796,697,132,1866,0,7528,88,5.5
English,USA,103,18000000,26400000,130,691,476,406,2481,1,62009,109,5.8
English,USA,177,40000000,27400000,0,913,362,202,2449,3,97087,569,6.6
English,USA,114,15000000,15100000,73,695,654,563,3444,1,22797,96,6
English,USA,107,8200000,80000000,71,967,455,304,1962,0,51459,113,6.5
English,USA,107,8200000,80000000,71,967,455,304,1962,0,51459,113,6.5
English,USA,97,1800000,32600000,17,158,84,74,467,0,29488,326,5.9
English,USA,106,11000000,148170000,287,767,281,233,2053,0,142293,245,7.2
English,USA,118,28000000,179870271,14000,11000,429,237,11898,2,329969,524,7.6
English,Italy,251,30000000,5300000,0,22000,683,642,24719,8,221000,495,8.4
English,USA,96,4500000,81200000,37,801,760,542,3113,0,87739,133,6.7
English,USA,114,16900000,81200000,468,1000,1000,919,3860,0,41776,383,6.4
English,USA,92,1500000,81200000,92,752,324,166,1652,3,25332,148,6.9
English,UK,117,25000000,69800000,71,433,54,42,611,1,3334,52,4.8
English,USA,111,8000000,69800000,2000,15000,161,51,15361,2,54723,99,6.2
English,USA,105,17000000,76400000,12000,12000,664,643,14762,1,58743,192,6.6
English,UK,132,25000000,8600000,79,14000,12000,1000,28094,2,17982,95,7
English,USA,123,58000000,25900000,0,12000,5000,886,18793,1,12771,84,6.5
English,UK,109,7500000,5100000,62,584,552,518,2024,0,6595,61,6
English,USA,91,9000000,5100000,12,1000,300,297,1991,4,7767,56,5.7
English,USA,126,8000000,90800000,80,668,641,225,2004,0,126907,235,7.2
English,USA,126,8000000,90800000,80,668,641,225,2004,0,126916,235,7.2
English,West Germany,94,27000000,90800000,249,523,312,271,1560,1,99557,284,7.4
English,UK,107,6500000,38400000,0,2000,663,255,3582,1,600266,692,8.1
English,USA,91,475000,38400000,6,488,11,10,553,0,19253,147,6.2
English,USA,87,2200000,30000000,28,426,359,217,1472,0,43485,327,5.4
English,UK,117,3000000,20966644,133,687,443,249,1665,0,29610,94,7.4
English,UK,131,30000000,50300000,46,1000,439,433,2943,2,68565,300,6.3
English,USA,116,19000000,210609762,0,1000,690,459,3230,0,732212,809,8.5
English,UK,142,15000000,9929000,0,22000,5000,1000,29475,0,152306,513,8
English,USA,75,10000000,109211416.6,73,1000,745,581,3192,0,111649,437,6.7
English,USA,87,3500000,124161528.4,0,1000,177,83,1592,1,49669,419,7.2
English,USA,87,3500000,139111640.2,0,1000,177,83,1592,1,49672,419,7.2
English,Canada,88,1750000,154061752,4,232,23,13,289,0,1339,46,4.3
English,USA,92,2200000,21300000,13,42,27,17,170,0,22521,342,4.7
English,USA,107,10000000,36200000,17,371,324,53,857,1,6143,90,5.3
English,USA,97,3000000,36200000,78,685,178,77,1163,0,1361,16,6.6
English,USA,121,20000000,87100000,503,2000,92,83,2251,2,33597,185,7
English,UK,101,25000000,138000000,365,338,246,141,1008,0,15531,189,6.1
English,Australia,107,12305523,36200000,750,794,531,60,1529,2,101840,193,6.2
English,UK,97,650000,36200000,350,114,61,33,260,1,10577,64,6.9
English,USA,161,31000000,87100000,521,11000,920,184,12518,0,52339,200,7.2
English,USA,115,6900000,41400000,16000,16000,455,240,17209,0,39451,138,7.3
English,USA,96,44000000,150415432,170,13000,738,668,15662,0,117606,217,6.4
English,Netherlands,89,17900000,259430864,130,444,312,183,1243,1,30215,95,5
English,UK,109,25000000,368446296,181,303,146,137,960,0,19568,208,6.7
English,USA,133,26000000,33200000,759,826,130,67,1154,4,28247,149,7.2
French,France,98,17000000,33200000,0,1000,572,164,1917,1,11031,45,6.5
English,USA,154,15000000,94175854,14000,852,581,271,2592,0,60988,199,7.8
English,USA,109,10000000,33000000,78,854,841,619,3394,1,9424,109,6.9
English,USA,108,4000000,-28175854,228,431,426,358,2020,0,39856,300,7.3
English,USA,108,4000000,-89351708,228,431,426,358,2020,0,39857,300,7.3
English,USA,112,12000000,65500000,608,11000,10000,733,22479,1,66966,175,7.4
English,USA,109,18000000,4250320,272,155,144,124,605,1,14870,86,6.8
English,USA,112,17000000,6734844,213,567,67,45,711,0,29591,118,5.9
English,USA,154,18500000,85200000,0,2000,626,604,4228,1,488537,1076,8.4
English,USA,89,5000000,12947763,17,690,190,85,1160,0,10624,125,6.2
English,USA,99,25000000,11100000,0,400,223,52,896,1,92464,331,7.3
English,Australia,93,8800000,174635000,4,442,162,93,822,1,74743,93,6.5
English,UK,110,16000000,5900000,85,1000,309,186,1852,1,98629,316,7.2
English,USA,110,35000000,16295774,8,1000,692,322,3000,1,33669,269,4.6
English,USA,100,12000000,4884663,365,425,394,225,1661,0,5187,64,5.5
English,USA,86,3000000,19472057,41,956,316,155,1862,0,25332,307,5.9
English,USA,116,40000000,49851591,425,954,568,204,2179,3,7900,34,5.9
English,USA,102,25000000,38747385,0,13000,854,413,15308,2,49349,165,6.9
English,USA,103,18000000,41382841,0,12000,899,805,14672,0,27149,96,6.3
English,UK,120,6000000,137963328,0,40000,854,576,42028,0,291603,505,8.1
English,USA,99,1900000,4600000,28,18000,1000,223,19649,2,11763,111,7.1
English,UK,122,4500000,4600000,0,854,652,491,2762,0,15175,89,7.5
English,UK,97,17000000,2315683,3,400,193,161,805,0,4081,28,3
English,USA,88,175000,7137502,0,539,53,46,708,0,4769,26,6.5
English,USA,89,8000000,52287414,0,217,107,107,644,2,271794,584,8.1
English,USA,119,25000000,109713132,12000,12000,664,643,15449,5,61621,219,7.3
English,USA,98,15000000,1953732,70,876,324,90,1351,0,4996,62,5.3
English,USA,119,13800000,52293982,17000,10000,970,638,11895,1,57831,115,7
English,USA,94,25000000,79817937,23,400,255,148,1044,1,39798,69,5.9
English,USA,101,4700000,8025872,365,237,28,14,302,3,19234,258,5.5
English,USA,93,2700000,3500000,28,1000,695,415,2319,2,10082,100,5.9
English,USA,110,15000000,176781728,12000,10000,1000,555,13069,2,219171,388,6.9
English,UK,98,2000000,7369373,85,265,194,186,901,1,4288,74,5.7
English,USA,102,11000000,167780960,12000,19000,875,801,21499,4,36918,42,5.9
English,USA,88,4500000,44793200,55,506,449,150,1584,0,49820,311,6.6
English,USA,90,350000,4000000,44,615,96,93,872,0,6046,46,4.7
English,USA,100,28000000,153665036,12000,936,901,605,4121,1,84824,95,6.4
English,USA,85,3500000,14000000,10,3000,273,178,3617,0,15956,118,6
English,UK,147,29000000,5899797,0,18000,427,400,18855,0,9913,51,7.5
English,USA,37,3600000,5923044,0,634,328,199,1347,0,113451,537,7.8
English,USA,119,14000000,156645693,213,886,276,249,1639,0,55101,201,6.9
English,USA,92,1100000,1400000,155,448,426,147,1329,0,1324,37,5.9
English,USA,121,13000000,123922370,272,49000,263,227,50141,1,98348,131,7.3
English,UK,86,1000000,14564027,385,266,209,100,673,0,76407,335,7
English,USA,81,100000,5228617,467,467,322,287,1431,1,2770,32,7
English,USA,107,51000000,14375181,124,636,631,572,3374,2,8692,126,4.2
English,USA,92,23000000,20763013,114,912,535,434,2355,0,30840,383,2.8
English,USA,108,6500000,54215416,7,699,63,51,936,1,21409,63,6.8
English,USA,92,10000000,3060858,4,754,324,311,1891,4,1768,37,5.6
English,UK,140,2600000,3130592,133,443,249,239,1269,1,10755,69,7.8
English,USA,107,15000000,59735548,323,1000,1000,794,4223,1,290949,629,7.8
English,USA,102,1300000,354704,212,10000,633,195,11083,0,2705,38,5.9
English,USA,88,16000000,14792779,11000,854,410,233,1653,0,24256,91,7.6
English,USA,96,22700000,38119483,0,1000,605,542,2936,2,136667,273,7.1
English,UK,134,17000000,15681020,22,1000,593,488,3007,6,33570,259,3.6
English,USA,95,3000000,7888703,4,641,168,152,1389,1,8465,65,3.2
English,USA,87,4000000,800000,101,721,576,324,1700,0,2308,35,4.8
English,USA,90,2300000,800000,115,11000,516,385,12359,0,19650,62,7.3
English,China,219,23000000,43984230,973,1000,643,400,2451,0,70274,133,7.8
English,UK,130,30000000,51185897,46,387,244,162,1233,1,69457,271,6.7
English,USA,97,30000000,32222567,541,967,847,673,4458,3,92924,339,7.2
English,USA,98,16000000,30857814,0,18000,636,594,20060,0,294163,718,8.1
English,USA,101,27000000,38122105,343,581,571,384,2373,1,112669,226,6.6
English,USA,119,25000000,76270454,0,22000,371,188,22767,1,219008,418,7.9
English,USA,126,15000000,43848100,0,826,508,168,1607,2,119150,219,7.4
English,USA,99,7000000,49369900,212,130,125,54,450,0,36108,260,5.7
English,USA,96,7000000,20257000,22,1000,841,794,5282,2,7569,65,5.2
Japanese,Japan,124,1100000000,439162,78,6,5,4,28,0,106160,430,8.1
English,USA,92,15000000,73326666,13000,925,692,217,1953,3,189413,306,7.5
English,USA,130,18000000,114968774,545,15000,11000,697,28018,1,153468,204,7.3
English,USA,92,1100000,11806119,15,633,403,49,1168,1,57578,210,6.8
English,USA,107,25000000,16118077,21,967,767,418,3067,0,5817,37,5.6
English,USA,87,9000000,33244684,85,311,189,118,760,0,62038,281,6.5
English,Australia,108,15800000,109306210,5,442,162,57,717,1,44096,62,5.5
English,USA,119,14000000,34700000,350,18000,17000,418,35501,2,52846,143,7.7
English,USA,119,14000000,34700000,350,18000,17000,418,35501,2,52846,143,7.7
English,USA,131,28000000,81350242,323,25000,13000,541,40585,0,592582,722,8.2
English,USA,88,2800000,19170001,152,935,448,181,1855,0,21359,270,5.3
English,USA,88,5000000,17768000,27,742,120,101,1136,0,29629,374,5.9
English,Italy,97,3000000,17768000,96,201,39,37,277,1,240,9,6.2
English,USA,118,4700000,1705139,7,968,733,339,2545,0,4695,69,6.7
English,USA,126,30000000,38413606,102,22000,581,497,23866,1,54042,215,7.6
English,USA,105,20000000,13854000,121,11000,3000,384,14677,0,21079,55,5.2
English,USA,104,6000000,12793213,80,8000,960,658,10430,4,18286,73,6.2
English,USA,97,3000000,7282851,152,674,174,135,1395,1,9502,100,6.5
English,USA,98,10500000,14114488,17,1000,887,770,3827,0,13190,114,4.5
English,USA,133,25000000,172825435,272,10000,898,628,12285,3,383784,331,8
English,USA,87,63000000,53715611,10,13000,1000,349,14574,1,92106,171,5.7
English,USA,121,6500000,14545844,0,413,282,182,1284,4,4756,38,5.8
English,USA,101,32000000,60328558,503,13000,1000,1000,18734,1,61396,159,7
English,USA,110,4000000,3468572,0,721,246,237,1966,0,10073,78,7.3
English,USA,69,12500000,48092846,383,912,320,191,1833,0,61753,133,7.3
English,USA,164,7000000,8373585,17000,883,618,159,1934,0,39680,308,7.6
English,USA,93,4000000,13008928,0,355,151,133,837,0,73501,333,7.3
English,USA,107,15000000,111936400,425,742,384,247,2151,1,87538,79,6
English,USA,107,13000000,44726644,58,549,439,316,1747,5,42614,120,6.8
English,USA,89,8000000,22168359,81,321,101,92,584,0,29659,227,5.1
English,USA,108,40000000,118500000,0,1000,869,690,3660,0,340085,327,7.8
English,USA,126,35000000,251188924,13000,920,549,488,2725,0,269033,817,7.6
English,USA,90,10000000,40485039,65,18000,769,730,20795,6,85362,181,6.9
English,USA,125,30000000,45645204,0,939,255,237,1748,2,39306,119,6.6
English,USA,145,14000000,70001698,0,10000,854,560,12098,0,76842,173,7.2
English,USA,128,16400000,95860116,608,49000,1000,1000,51609,0,277451,491,8
English,USA,120,6500000,27545445,0,782,652,388,2892,2,59524,418,7.9
English,USA,99,7500000,106593296,78,11000,509,325,12619,1,72324,134,7.4
English,USA,100,5000000,14343976,6,935,120,65,1327,0,22961,291,4.5
English,USA,122,18000000,26830000,380,18000,11000,2000,32930,3,101888,365,7.9
English,USA,122,18000000,26830000,380,18000,11000,2000,32930,3,101889,365,7.9
English,USA,96,3000000,11642254,2,742,256,120,1308,1,22929,287,5.2
English,UK,137,9000000,10161099,0,591,520,130,1341,1,23441,108,7.7
English,USA,127,48000000,197171806,14000,11000,844,440,12884,5,515306,477,8.3
English,UK,133,32000000,34667015,46,683,349,275,2371,0,74009,317,6.6
English,USA,107,11000000,49797148,42,1000,854,808,3435,3,49007,97,7.2
English,USA,124,15000000,10763469,11000,11000,860,563,12685,0,13692,55,6.4
English,USA,103,11500000,57469179,52,969,886,426,2987,0,63855,248,6.6
English,USA,114,17000000,30050028,9,623,472,466,2484,1,42987,201,6.5
English,USA,91,160000,6706368,909,909,91,42,1048,0,22800,133,7.5
English,USA,113,19000000,58571513,17,14000,599,551,15914,1,30213,112,6.8
English,USA,100,1200000,24741700,0,828,531,65,1431,2,37785,95,7.2
English,USA,107,27800000,55210049,0,12000,664,643,14710,1,43743,293,5.4
English,USA,97,55000000,63408614,96,13000,549,403,14432,1,75365,149,6.3
English,USA,171,69500000,54222000,0,2000,650,638,4074,0,131217,380,7.6
English,Australia,90,10000000,882290,73,848,643,26,1526,2,4792,43,6.5
English,USA,96,2300000,792966,6,40,30,14,99,2,4663,40,5.1
English,USA,105,18000000,8508843,6,723,422,371,2368,1,7470,35,5.5
English,USA,150,5000000,6157157,3,859,448,448,3942,1,21416,198,7
English,USA,103,7000000,9094451,49,687,554,304,1990,0,11668,79,6.2
English,USA,106,20000000,10555348,277,22000,2000,383,24887,0,17349,42,6
English,USA,89,16000000,92823600,0,227,73,62,485,0,149108,273,7.6
English,USA,103,31000000,53133888,155,687,151,125,1440,0,50389,136,6.3
English,USA,118,40000000,87666629,0,1000,869,690,3986,0,283480,263,7.4
English,USA,72,13000000,28501605,5,659,628,435,2646,0,31371,166,5.7
English,USA,236,22000000,184208848,0,933,839,232,2398,1,186485,382,8
English,USA,107,60000000,82670733,12000,10000,3000,695,14006,0,60476,97,5.9
English,USA,105,100000000,103738726,631,678,631,327,2096,1,47819,164,6.1
English,USA,124,70000000,117541000,212,13000,982,576,16595,0,269858,316,7.1
English,USA,105,20000000,56362352,13000,40000,967,658,42330,0,357581,588,7.9
English,USA,115,26000000,61490000,541,8000,1000,442,10493,5,62037,148,6.6
English,USA,127,22000000,217631306,109,2000,956,71,3100,0,154199,252,7
English,USA,146,25000000,46836394,17000,22000,854,635,24783,3,728685,989,8.7
English,USA,106,50000000,41482207,287,16000,823,767,19610,0,68428,148,6.3
English,USA,103,18000000,285761243,0,3000,1000,925,7521,5,311075,305,7.5
English,USA,111,26000000,91457688,425,743,394,344,2403,4,107801,109,6
English,USA,34,34000,333658,19,882,577,362,1967,0,97,2,7.1
English,USA,98,225000,2938208,89,88,74,3,173,1,7143,52,7.5
English,USA,94,225000,2938208,0,156,102,87,544,0,47,4,4.5
English,USA,129,10000000,16153600,0,18000,269,203,19065,1,8295,30,6.5
English,USA,103,35000000,30669413,81,2000,683,636,4722,0,105478,291,6.2
English,USA,125,14000000,178406268,0,8000,995,700,11135,2,213476,271,6.9
English,Australia,119,20000000,21413105,23,25000,19000,748,45841,1,15230,97,6.8
English,Norway,92,60000000,21413105,8,35,6,3,47,2,1984,14,6.7
English,USA,100,3000000,15369573,32,610,232,175,1441,1,2580,54,5.3
English,USA,104,40000000,21413502,212,879,560,380,2795,5,14429,113,6.3
English,USA,170,54000000,66676062,0,14000,1000,889,16949,1,267980,545,7.6
English,USA,135,30000000,122012643,323,826,692,495,2575,1,143696,241,7.6
English,USA,113,65000000,119412921,719,605,308,217,1441,0,240241,391,7.5
English,USA,113,65000000,119412921,719,605,308,217,1441,0,240241,391,7.5
English,USA,96,11000000,16667084,31,651,610,536,3119,0,90070,248,7.1
English,Italy,120,9000000,349618,930,982,602,433,2942,1,4302,45,6.1
English,USA,107,6000000,869325,0,721,514,284,2000,2,2281,16,3.8
English,USA,93,20000000,38037513,12,18000,769,636,20188,2,49680,117,6.2
English,USA,112,6000000,57504069,309,27,26,15,106,2,94139,183,7.8
English,USA,128,35000000,79100000,17000,22000,1000,387,24006,0,127503,261,7.3
English,USA,110,15000000,30102717,23,633,67,51,874,2,28736,72,5.5
English,USA,115,35000000,14587732,468,605,367,150,1290,3,4795,39,5.7
English,USA,93,8500000,34872293,54,40000,618,581,42002,0,30765,252,4.9
English,USA,98,23000000,7434726,23,1000,1000,982,3671,2,14473,81,6
English,USA,142,70000000,119654900,14000,49000,8000,5000,64259,1,182802,363,6.7
English,USA,94,5000000,19281235,0,901,413,287,2523,0,3571,11,5.1
English,USA,100,70000000,17218080,36,13000,773,554,15944,0,43376,249,5.7
English,France,206,40000000,70405498,0,433,256,4,698,1,113472,442,8
English,Switzerland,97,500000,70405498,32,11000,422,329,11839,0,3013,24,5.8
English,USA,102,16500000,59847242,6,3000,2000,165,5433,1,55895,115,6.8
English,USA,104,2500000,6401336,835,18000,595,535,19923,2,36996,153,7.1
English,USA,102,11000000,2807854,8,14000,163,40,14281,1,14129,39,5.1
English,USA,155,48000000,165500000,58,25000,11000,720,38518,0,145257,322,6.9
English,USA,79,8000000,2275557,73,1000,1000,112,2404,2,12561,102,6
English,USA,100,23000,1227508,0,5,0,0,5,0,15103,80,7.1
English,USA,110,30000000,74888996,120,12000,1000,664,16230,0,55513,188,7.2
English,USA,88,17000000,9286314,22,174,132,120,583,1,4972,62,5.9
English,USA,91,450000,2712293,10,353,12,10,380,4,475,11,5.9
English,USA,88,25000000,78656813,34,642,533,445,2501,0,42765,93,6
English,USA,153,102000000,204843350,0,780,604,539,2829,0,744891,983,8.5
English,USA,99,38000000,113502246,188,1000,1000,436,3696,0,96607,125,6.8
English,USA,140,38000000,35183792,0,720,576,552,3044,1,68159,209,7.2
English,USA,137,24000000,41895491,0,12000,443,161,12947,1,63274,170,7.6
English,USA,85,23000000,86930411,119,3000,348,144,3847,6,83269,87,6.8
English,USA,132,30000000,74787599,0,769,713,252,1936,1,12549,109,6.6
English,USA,138,19000000,130727000,438,12000,826,173,13184,0,887467,916,8.6
English,USA,107,14000000,34793160,116,327,172,25,552,1,15730,31,6.7
English,USA,138,40000000,141340178,0,10000,2000,574,14619,0,181879,319,7.6
English,USA,128,40000000,107458785,545,15000,923,251,16751,3,71754,166,7.2
English,USA,90,28000000,217350219,63,49000,2000,631,52970,0,260939,244,8
English,USA,145,50000000,55473600,21000,534,273,243,1543,0,207686,776,6.4
English,USA,88,13000000,11501093,0,901,888,795,3913,0,128850,604,7.6
English,USA,126,80000000,162831698,13000,920,811,390,2899,0,215255,610,7
English,USA,117,40000000,70100000,71,723,558,547,3841,1,20183,41,5.4
English,USA,155,40000000,82522790,0,18000,12000,10000,42220,0,143835,654,7.5
English,USA,104,55000000,58422650,0,13000,11000,812,25599,3,78974,173,6.4
Spanish,USA,81,7000,2040920,0,121,20,6,147,0,52055,130,6.9
English,Australia,95,8000000,6739141,216,1000,1000,968,4755,0,23383,68,5.9
English,USA,100,12500000,10725228,164,18000,14000,99,32288,1,75675,365,7.8
English,USA,140,35000000,24276500,0,436,263,210,1394,2,17124,68,6.6
English,USA,120,18000000,173585516,0,3000,1000,1000,7860,2,200077,189,6.6
English,UK,140,18000000,25967000,133,12000,898,136,13180,3,21254,86,7.5
English,USA,121,35000000,144731527,503,808,277,94,1446,2,128010,136,6.7
English,USA,103,5000000,1100000,261,722,280,145,1201,0,3665,39,6.8
English,USA,202,33000000,48169908,0,18000,848,318,20143,0,63923,156,7.7
English,USA,106,40000000,45500797,323,472,47,0,519,2,17443,56,6
English,USA,99,40000000,14358033,0,782,658,402,2125,2,17365,66,5.9
English,USA,120,11000000,52929168,36,886,655,633,3280,1,82743,201,7.5
English,USA,117,45000000,83287363,176,11000,530,308,12757,1,81442,137,6.9
English,USA,114,35000000,4651977,503,2000,864,697,4334,3,10410,71,6.9
English,USA,91,12000000,21370057,0,636,330,298,1852,0,9903,80,6
English,USA,99,1200000,2812029,16000,16000,12000,455,28994,0,664719,931,8.4
English,UK,96,7000000,5430822,6,206,192,38,493,0,8391,75,6.2
English,USA,129,25000000,121945720,81,970,854,164,2551,0,89972,126,6.1
English,UK,112,2300000,62549000,277,1000,530,327,2412,0,41361,148,7.3
English,USA,117,40000000,72455275,0,855,363,322,2144,1,113068,382,7.8
English,UK,140,10000000,32101000,32,535,211,120,1109,0,27800,96,5.4
English,USA,100,10000000,50752337,65,633,613,577,3362,8,44502,46,6.4
English,USA,89,12000000,27281507,53,227,94,84,534,0,33850,147,7.7
English,USA,131,14400000,101157447,16000,16000,11000,638,28544,1,277505,495,8.3
English,USA,94,20000000,121697350,122,1000,619,617,4263,2,114610,176,7
English,USA,91,2600000,2850263,38,584,399,117,1218,0,5061,70,6.2
English,USA,120,32000000,36733909,155,344,242,240,2054,3,38949,112,7.1
English,USA,330,35000000,4496583,138,848,674,672,3227,2,23181,129,8
English,USA,124,70000000,84049211,212,13000,730,369,15229,1,96096,172,6.4
English,USA,98,15000000,68856263,226,953,730,496,2496,1,69733,97,6.9
English,USA,102,6900000,7993039,0,14000,1000,787,18643,1,120036,408,7.7
English,USA,93,1800000,7993039,0,12000,580,482,14620,0,1435,17,6.1
English,USA,87,3000000,1200000,29,683,155,147,1139,1,922,23,5.1
English,USA,271,25000000,10769960,33,854,702,251,2107,0,21940,256,7.7
English,USA,101,14600000,70906973,11000,13000,571,512,15500,1,437418,609,8.1
English,USA,96,28000000,39514713,197,580,336,115,1275,0,60494,132,6.7
English,USA,91,2500000,15935068,18,935,805,307,2899,0,19331,317,4.3
English,USA,127,63000000,356784000,14000,967,610,191,2129,0,613473,895,8.1
English,France,99,1500000,418953,675,902,424,164,1582,0,17322,93,6.5
English,USA,130,70000000,50016394,323,670,442,330,2407,1,106528,257,6.2
French,France,107,50000000,700000,8,106,54,39,215,1,24438,78,7
English,USA,84,8200000,27979400,0,11000,852,182,12322,2,37611,72,6.1
Japanese,Japan,134,11900000,48856,0,15,6,4,30,0,3466,40,7.5
English,USA,97,3500000,27900000,117,851,582,556,3036,2,39508,96,7.5
English,USA,125,25000000,219200000,0,49000,1000,711,52201,5,181380,223,6.9
English,UK,111,8000000,22551000,0,18000,18000,591,37645,0,37269,165,7.4
English,USA,94,15000000,22189039,11,1000,605,232,2210,0,17074,55,5.5
English,USA,99,6000000,3273588,23,97,91,82,382,1,4195,50,6.7
English,USA,125,26000000,77324422,438,18000,15000,372,33865,2,178731,261,7.7
English,USA,109,14000000,27515786,309,592,556,279,1620,0,8904,31,5.9
English,USA,97,2000000,27515786,97,787,196,163,1362,1,10182,130,5.9
English,USA,104,23500000,10696210,87,1000,826,691,3148,0,35018,180,3.9
English,UK,100,11500000,3275585,34,10000,721,541,13160,1,10735,88,6.6
English,USA,114,800000,1001437,9,159,143,86,423,1,2039,28,7.2
English,USA,185,22000000,96067179,14000,14000,795,212,15233,0,865020,1273,8.9
English,UK,115,22000000,25842000,0,12000,1000,266,13619,0,13455,87,7.4
English,USA,123,10000000,18272447,5,556,475,338,2149,1,3119,35,5.9
English,UK,104,42000000,20915465,5,5000,922,687,7723,0,38203,290,4
English,USA,96,17000000,42660000,8,533,219,199,1254,0,25086,87,4.8
English,USA,108,6500000,24103594,208,876,827,689,4840,0,6384,54,6.2
English,USA,139,30000000,32000000,17000,554,382,94,1068,3,36267,150,7.2
English,USA,154,42000000,158348400,521,10000,1000,957,14244,0,88844,142,6.8
English,USA,130,44000000,183875760,99,11000,1000,812,13357,1,213668,270,7.8
English,USA,92,19000000,2119994,22,2,0,0,2,0,1153,15,5.7
English,USA,141,45000000,100768056,79,18000,8000,956,30063,0,59569,89,6.5
English,New Zealand,121,7000000,40158000,319,1000,18,11,1051,1,63931,241,7.6
English,UK,80,28000000,669276,18,742,83,73,1088,0,2541,47,7.2
English,UK,134,11500000,22954968,133,12000,310,258,12749,1,45703,156,7.9
English,USA,134,25000000,56505065,170,2000,722,472,4453,0,95241,439,7.8
English,USA,121,13000000,12281500,12000,11000,10000,975,23602,3,163492,460,8
English,USA,98,3000000,3902679,16,687,233,222,1806,0,3943,49,5.3
English,USA,118,11000000,9170214,529,40000,29000,472,69746,1,171882,292,7.8
English,USA,118,11000000,39100956,13,90,22,2,114,0,13442,59,7.2
English,USA,93,20000000,11784000,18,400,220,181,1151,0,6701,26,4.3
English,USA,100,10000000,29392418,322,851,543,534,3190,2,3924,26,5.8
English,USA,78,12000000,72217000,293,759,595,567,2462,1,216486,242,6.9
English,USA,99,50000000,16671505,32,1000,619,479,2949,1,33186,78,5.9
English,USA,104,55000000,42610000,644,437,289,174,1093,1,60293,114,5.5
English,USA,98,20000000,13383737,11000,1000,979,967,4302,4,29385,86,7.5
English,USA,141,62000000,122012710,176,11000,913,672,14178,1,69663,133,6.9
English,USA,102,230000,3151130,0,898,657,216,2103,4,181749,615,7.8
English,USA,115,14000000,13640000,0,1000,848,534,3267,0,6011,39,6.9
English,USA,128,55000000,83000000,272,2000,812,383,3888,0,36587,95,6
English,USA,97,25000000,22200000,19,40000,10000,977,52122,3,41310,117,6.8
English,USA,113,16000000,127175354,137,879,854,481,2985,2,288451,438,7.3
English,USA,127,18000000,5887457,13000,40000,13000,940,56585,1,142416,420,7.9
English,Canada,103,2000000,5132222,460,991,971,900,2990,1,14112,83,7.2
English,USA,142,55000000,329691196,0,15000,294,194,15700,0,1251222,1398,8.8
English,UK,117,4500000,52700832,179,1000,398,239,1862,4,107923,197,7.1
English,New Zealand,108,5000000,3049135,0,14000,433,88,14574,2,50197,265,7.4
English,Canada,99,26000000,13829734,5,1000,691,535,2960,0,16194,79,4.3
English,USA,170,700000,7830611,23,7,6,2,15,0,18980,74,8.3
English,USA,123,60000000,105264608,277,11000,10000,4000,25697,0,239752,406,7.6
English,USA,133,30000000,66528842,380,12000,11000,918,26388,2,112175,329,7.5
English,USA,115,15000000,50003300,44,23000,4000,902,29370,4,36624,132,7.3
English,USA,76,8600000,50003300,17,636,472,259,2152,1,2989,38,5.8
English,USA,83,30000000,51109400,88,3000,459,348,4767,5,76850,85,6.4
English,USA,107,8000000,18090181,0,969,449,112,1775,0,38191,271,6.4
English,USA,101,50000000,38590500,0,854,643,158,1860,1,17997,140,4.4
English,USA,79,8000000,4350774,157,4000,248,219,4908,3,10476,52,6.5
English,USA,83,6200000,126247,3,16000,542,421,17469,0,24958,103,3.3
English,USA,178,8000000,107930000,16000,13000,902,857,16557,1,1324680,2195,8.9
English,USA,107,20000000,305070,58,699,533,324,1592,1,3843,25,6.4
English,USA,128,40000000,24332324,545,783,754,353,3126,1,13830,61,6.1
English,USA,95,40000000,38087756,80,3000,450,287,4634,1,49612,39,5.2
English,USA,95,13000000,7881335,0,899,849,650,3092,4,21212,107,6.7
English,USA,116,25000000,121248145,101,18000,946,780,20966,0,260981,373,7.2
English,USA,118,35000000,75668868,18,1000,946,906,6427,0,60504,249,6.6
English,Japan,102,35000000,33423521,133,2000,1000,690,5443,1,53115,282,3.8
English,USA,119,45000000,92115211,541,821,577,551,4043,3,45798,94,6.7
English,USA,98,23000000,50693162,295,720,581,380,2630,0,136580,545,7.6
English,USA,91,45000000,130512915,32,924,664,628,3244,2,60884,85,4.8
English,UK,111,30000000,2869369,0,1000,970,385,2612,2,65474,211,7.3
English,USA,110,30000000,8880705,10,851,780,582,3293,0,1103,11,6.5
Cantonese,Hong Kong,102,2000000,11546543,32,483,147,75,768,1,34520,146,7.6
English,USA,73,45000000,422783777,28,2000,886,847,6458,0,644348,656,8.5
English,USA,114,18000000,119938730,55,789,424,360,2085,0,265818,213,6.9
English,USA,111,45000000,46815748,161,11000,894,132,12161,1,32544,69,6.3
English,USA,97,22000000,144833357,11,901,775,595,2790,0,64742,111,6.4
English,USA,93,25000000,32055248,85,924,595,510,2711,0,18723,146,6
English,USA,142,25000000,28341469,0,11000,745,461,13495,0,1689764,4144,9.3
English,Peru,110,45000000,57362581,49,13000,279,20,13331,2,50148,116,5.4
English,USA,99,10500000,125169,11,665,446,327,2272,2,859,31,6.4
English,Canada,99,27000000,44450000,0,664,655,186,2010,1,44394,115,5.8
English,USA,141,115000000,146282411,0,2000,1000,618,4528,0,190439,351,7.2
English,USA,125,70000000,65012000,0,443,277,184,1439,1,43559,137,6.2
English,USA,212,63000000,25052000,759,2000,925,812,5708,0,35314,145,6.6
English,USA,90,30000000,108360000,176,531,461,460,2203,0,160321,178,6.3
English,USA,140,62000000,172071312,2000,15000,968,552,17171,0,208817,296,7.6
English,France,132,50000000,30306268,503,45000,13000,282,58528,0,62981,84,6.3
English,Australia,91,30000000,66600000,108,405,368,204,1185,0,94435,182,6.8
English,USA,119,19000000,65807024,0,10000,345,244,11013,0,172405,203,6.8
English,USA,98,19000000,65807024,3,789,194,152,1186,1,438,14,6.4
English,USA,121,100000000,184031112,541,920,710,680,2880,4,190786,539,5.4
English,USA,105,2500000,5400000,0,15,12,4,36,1,183288,395,8.1
English,USA,178,72000000,75600000,0,906,466,403,1976,1,736638,1065,8.4
English,USA,178,52000000,42438300,17000,22000,721,574,24183,2,333542,533,8.2
English,USA,100,50000000,100328194,52,795,419,394,2638,0,85903,92,6
English,USA,97,12000000,56631572,143,927,281,201,1724,1,123390,248,6.8
English,USA,109,50000000,81022333,155,426,387,293,1761,0,34471,147,5
English,USA,123,20000000,32051917,36,10000,1000,631,12338,0,42315,140,6.6
English,USA,123,53000000,91400000,12000,18000,10000,665,30132,0,81026,194,7.3
English,USA,124,98000000,11000000,212,1000,903,810,3611,3,21102,169,5.6
English,UK,122,11000000,39025000,0,276,258,191,903,0,73193,190,7.6
English,USA,104,7000000,25625110,0,16000,12000,4000,33758,0,138707,202,7.2
English,USA,128,90000000,100012500,323,13000,559,489,14274,1,299258,346,7.6
English,USA,134,55000000,37600435,109,919,303,249,1695,3,55350,180,5.9
English,USA,110,4000000,4301331,99,4000,975,960,7921,6,78241,177,6.7
English,USA,97,3500000,27900000,473,826,723,624,3455,1,74626,157,7.3
English,USA,105,30250000,72077000,188,848,808,482,3439,4,62986,150,6.9
English,UK,130,58000000,106635996,258,394,387,345,1784,2,199025,416,7.2
English,USA,107,20000000,7564000,34,11000,922,472,13821,1,54650,223,6.2
English,USA,93,5000000,15126948,13,742,152,141,1227,0,20815,335,4.9
English,USA,103,20000000,17518220,0,21000,1000,801,25263,1,9105,76,6.6
English,USA,107,50000000,9795017,607,2000,979,602,5461,0,9227,70,5.1
English,France,139,14000000,2474000,133,423,15,5,446,1,2427,27,5.7
English,USA,91,1500000,7417210,184,3000,202,82,3310,1,59041,408,7
English,USA,101,40000000,14942422,58,12000,975,497,14008,3,14226,60,5.9
English,USA,111,3600000,31968347,81,12000,898,687,14823,0,93894,286,7.6
English,USA,123,6000000,2122561,0,1000,898,781,3254,6,99033,434,7.2
English,USA,105,68000000,35324232,29,584,220,97,1132,1,32224,62,5.6
English,USA,101,18000000,70360285,545,1000,1000,545,3816,0,81783,283,5.8
English,USA,143,6500000,82528097,65,975,345,320,2223,1,30230,154,7.3
English,USA,212,50000000,13560960,0,12000,5000,805,21130,0,23996,161,7.1
English,USA,127,50000000,67823573,249,18000,11000,808,30383,3,91176,130,6.6
English,USA,84,55000000,141600000,12,23000,2000,752,26754,1,119675,216,6.6
English,UK,104,6000000,2600000,12,21000,1000,1000,23962,3,11612,88,7.5
English,USA,139,28000000,31600000,105,14000,1000,902,16125,1,34427,126,6.9
Cantonese,Hong Kong,89,7500000,32333860,7,186,147,36,407,1,29843,81,6.7
English,USA,127,33000000,100125340,21000,11000,11000,360,22678,0,1023511,1080,8.6
English,USA,136,16500000,42700000,0,25000,14000,1000,41059,2,78392,196,7.7
English,France,131,45000000,20302961,719,16000,893,683,18913,0,49874,450,4.6
English,USA,108,35000000,60054449,79,900,759,25,1715,0,61018,140,5.8
English,USA,92,13000000,21088568,226,1000,851,580,3931,1,16646,104,6.7
English,USA,98,6000000,11797927,38,1000,475,360,3221,0,4582,52,6.1
English,USA,104,25000000,4064333,54,6000,923,919,9662,0,24790,173,5.2
English,USA,114,62000000,65000000,0,524,517,452,2668,0,43027,214,6.8
English,USA,135,35000000,70960517,16000,16000,11000,86,27237,0,54631,192,7.5
English,USA,98,25000,10246600,0,138,111,73,388,0,6375,36,6.6
French,France,135,25000,1877179,22,837,541,45,1508,1,4885,25,7.1
English,USA,94,250000,1977544,4,360,273,10,656,0,3513,36,6.5
English,USA,96,45000000,35617599,0,1000,845,563,2965,1,20688,47,5.9
English,USA,82,45000000,7557877,7,584,246,27,1002,0,2129,37,4.6
English,USA,114,22000000,50728000,34,649,327,287,1725,0,48909,166,5.8
English,USA,113,11000000,2832826,300,1000,979,787,3072,2,1761,19,6.2
English,USA,98,8000000,16115878,10,10000,1000,912,13433,0,24438,194,6.6
English,Japan,107,32000000,18636537,0,29000,165,159,29743,0,69197,216,6.4
English,USA,135,50000000,10400000,596,10000,3000,2000,15820,1,12037,90,5.1
English,USA,106,6000000,23272306,0,18000,979,574,20821,4,740918,1182,8.6
English,USA,115,7000000,529766,39,12000,970,642,14889,2,22345,144,6.8
English,USA,106,20000000,21200000,835,1000,967,458,3598,0,34774,162,6.8
English,USA,74,30000000,191796233,487,15000,1000,802,19046,1,623757,391,8.3
English,USA,92,60000000,50024083,14,789,520,488,2318,1,35918,126,5.4
English,USA,100,20000000,19900000,0,723,422,364,2348,1,17262,53,4.5
English,USA,106,30000000,24048000,32,18000,723,650,20772,1,23579,88,5.5
English,USA,176,175000000,88246220,58,711,60,60,1004,0,144337,309,6.1
English,USA,88,800000,4771000,377,529,502,236,1502,1,26513,174,7.5
English,USA,108,8000000,34746109,0,585,434,388,3023,2,3122,14,5.6
English,USA,149,40000000,108706165,541,18000,11000,1000,31349,3,99558,236,7.4
English,USA,97,5000000,326308,18000,10000,1000,977,13718,3,6632,69,6.1
English,USA,108,3300000,2961991,232,10000,721,353,11459,4,15885,78,6.9
English,USA,81,12000000,63071133,406,13000,2000,616,17035,0,42892,154,6.8
English,USA,101,22000000,1075288,30,1000,854,223,2228,3,7772,55,6.1
English,USA,110,30000000,4357000,278,3000,359,179,3864,3,5176,30,5.3
English,USA,91,7000000,1040879,0,387,96,65,648,0,54478,184,7.1
English,USA,109,4500000,3798532,0,3000,441,126,3668,0,41138,208,7.4
English,USA,108,50000000,70450000,610,848,517,461,2913,2,77390,189,6
English,USA,107,50000000,20550712,99,18000,11000,581,31014,1,40346,95,5.6
English,USA,111,40000000,20300000,17,14000,940,889,17877,2,16741,60,6.2
English,USA,116,46000000,58918501,380,18000,13000,826,33233,1,40126,107,6.6
English,USA,114,80000000,32885565,357,13000,10000,366,25126,0,53132,101,5.8
English,USA,103,57000000,51317350,357,2000,663,40,2710,0,78343,139,6.4
English,USA,115,100000000,101228120,55,1000,773,383,3454,1,84424,131,6.1
English,USA,101,50000000,25407250,0,12000,898,764,15935,0,54021,227,5.7
English,USA,101,20000000,9714482,11000,1000,612,2,1614,0,30083,140,6.8
English,USA,135,55000000,49994804,317,57,40,34,164,1,29205,194,6.3
English,USA,133,55000000,68750000,53,1000,780,263,2916,0,40858,144,6.4
English,USA,118,38000000,17305211,150,24000,210,182,24547,0,14066,75,6.1
English,USA,101,20000000,53146000,154,1000,816,497,3174,1,9845,77,6.1
English,USA,91,13000000,2104000,150,979,385,150,1679,3,1595,19,5.9
English,USA,105,25000000,17100000,114,4000,561,537,6152,1,7073,29,5.3
English,USA,95,25530000,20047715,0,442,95,26,616,1,8008,26,5.2
English,USA,92,7000000,14891000,737,718,524,380,2240,3,15088,105,6.8
English,USA,102,3000000,14891000,9,904,281,221,1663,1,22246,196,6.9
English,USA,108,19000000,25753840,0,16000,4000,844,23296,2,219091,592,7.3
English,USA,120,2400000,5731103,0,1000,748,702,5963,10,4100,35,6.8
English,USA,130,36000000,13052741,0,2000,912,723,3968,0,8531,57,6.7
English,USA,108,12000000,4903000,0,873,680,599,4497,3,4961,33,5
English,UK,150,18000000,4414535,0,597,591,401,1645,0,30618,224,7.8
English,UK,150,18000000,4414535,0,597,591,401,1645,0,30618,224,7.8
English,USA,92,12000000,38624000,221,11000,503,491,13162,1,156143,289,7
English,USA,100,13000000,26539321,15,694,558,388,2486,1,7984,42,5.9
English,USA,154,75000000,306124059,776,10000,2000,933,16785,0,430055,856,6.9
English,USA,139,50000000,153620822,488,10000,743,597,12182,0,189923,318,7.3
English,USA,94,60000000,60573641,32,854,628,626,4530,1,68406,162,5.4
English,USA,109,3000000,4109095,300,729,257,200,1292,0,8239,92,6
English,France,116,19000000,1292527,500,12000,1000,530,14579,2,3536,44,6.3
English,USA,117,27000000,24944213,101,13000,852,743,16937,2,63459,185,6.9
English,USA,135,5000000,13269963,407,11000,189,111,11400,2,23202,173,7.6
English,Australia,76,250000,212285,0,991,575,62,1661,1,1727,21,6.4
English,USA,106,70000000,37754208,13000,20000,770,733,22590,3,172217,405,6.3
English,USA,98,23000000,12782508,4,29000,22000,11000,63194,2,20163,71,6.7
English,USA,108,47000000,5600000,350,8000,115,77,8349,1,11913,97,5.8
English,USA,101,25000000,14095303,17,900,246,218,1634,1,15814,68,5.4
English,UK,133,28000000,11030963,277,25000,14000,8000,48482,2,24145,93,7.1
English,USA,110,80000000,180965237,0,10000,1000,898,12760,0,300542,378,7.1
English,USA,105,25000000,10070000,121,3000,624,354,5023,3,5668,50,6.2
English,USA,117,45000000,20101861,11000,905,484,451,2348,0,24757,81,6
English,USA,101,21500000,22294341,88,957,821,812,4629,3,12278,71,6.5
English,USA,123,32000000,104632573,226,3000,941,796,5975,1,63839,118,6.4
English,USA,139,80000000,136448821,2000,960,848,808,3667,1,98989,158,6.6
English,USA,120,14500000,46338728,1000,29000,1000,954,33791,2,167750,506,6.8
English,USA,103,15000000,103001286,0,611,422,157,1212,0,222018,869,7.2
English,USA,123,9000000,36049108,473,890,851,685,3661,4,10139,70,6.8
English,USA,93,39000000,30400000,36,592,516,275,2176,2,17810,73,5.7
English,USA,96,3500000,9449219,0,385,356,111,995,2,13949,98,6.1
English,Australia,105,5500000,35811509,96,509,294,35,888,0,43013,104,7.7
English,Canada,88,9000000,35811509,85,825,476,40,1432,0,2699,29,5.6
English,USA,147,44000000,53300852,272,22000,11000,893,37076,3,154487,259,7.5
English,USA,148,890000,24475416,0,3000,324,263,3967,0,72443,309,8
English,USA,88,80000000,90443603,30,13000,967,366,15001,1,112167,123,6.3
English,USA,81,18000000,26906039,8,844,456,341,2653,2,29621,76,5.3
English,USA,111,45000000,92001027,906,1000,1000,906,6315,2,97838,286,7.6
English,USA,117,40000000,32800000,31,2000,472,210,3016,1,34896,118,4.3
English,USA,96,200000,4505922,218,4000,135,31,4230,0,63951,252,7.4
English,USA,149,26000000,25809813,15000,15000,9000,982,28713,6,50311,212,6.9
Italian,UK,90,25000000,15091542,48,940,595,376,2465,2,4086,22,5.3
English,USA,96,47000000,60154431,0,2000,1000,302,3718,1,122347,345,6
English,USA,101,15000000,24881000,26,838,328,266,1812,0,57140,195,6.2
Dutch,Netherlands,95,2650000,24881000,53,20,3,2,25,0,1470,5,7
English,USA,162,27000000,78651430,333,14000,1000,362,15912,0,142067,457,7.4
English,USA,116,55000000,18573791,12000,22000,617,552,24618,3,38533,89,5.8
English,USA,103,26000000,105444419,37,944,893,452,3143,3,31817,117,6.2
English,USA,99,12500000,1227324,220,812,787,599,3337,3,6921,48,6.6
English,USA,110,55000000,38553833,81,1000,416,163,1752,0,46239,155,6.8
English,USA,91,45000000,20400913,29,2000,461,322,3855,1,15455,80,5.3
English,USA,91,100000000,100117603,21,2000,700,542,4842,0,102933,230,6.9
English,USA,99,40000000,27663982,287,10000,368,44,10469,2,26051,164,4.4
English,USA,118,44000000,44834712,13,23000,2000,643,26907,1,13995,62,5.6
English,USA,98,44000000,22434,8,96,71,14,196,1,334,17,6.9
English,USA,121,65000000,33328051,212,394,380,263,1531,2,60508,285,6.7
English,USA,122,42000000,41252428,0,12000,592,292,13716,0,11453,71,6.5
English,USA,95,54000000,128769345,293,851,773,744,3155,1,86556,99,5.6
English,USA,98,8000000,128769345,198,1000,975,636,3502,2,6124,55,4.9
English,Australia,100,45000000,17300889,23,1000,642,579,3855,0,27648,148,4.9
English,USA,136,75000000,134006721,0,12000,2000,904,15999,1,259492,415,7.4
English,USA,93,8500000,15171475,85,1000,855,514,2777,0,19805,122,5.7
English,USA,135,45000000,53854588,41,982,843,808,3648,0,37911,73,6.3
English,UK,94,3500000,16501785,0,2000,887,557,3559,4,469561,514,8.2
English,USA,95,1300000,695229,12000,12000,680,636,14420,1,11369,65,7.2
English,USA,113,92000000,241688385,101,22000,946,848,26239,0,144053,395,6.3
English,USA,124,60000000,51045801,50,1000,944,672,3653,2,11370,54,6.1
English,USA,84,4000000,2892582,378,925,729,611,3559,0,22697,202,7.6
English,UK,86,1000000,1277257,132,778,695,584,2400,2,2629,32,6.8
French,France,91,300000,1652472,82,75,9,8,102,7,2843,25,6.9
English,USA,129,38000000,10300000,0,12000,1000,982,16237,4,17859,89,6.6
English,UK,96,38000000,10300000,222,5000,497,20,5535,2,2081,21,7.1
English,USA,95,3000000,3559990,45,578,341,267,1363,0,8005,49,5.3
English,USA,89,28000000,8119205,23,1000,937,899,5535,3,4288,21,5.4
English,USA,121,50000000,50007168,16000,16000,1000,826,19139,0,39529,142,6.7
English,USA,98,3000000,24629916,188,2000,970,693,4277,0,12942,34,5.1
English,USA,124,85000000,172620724,249,11000,10000,936,23603,1,146134,393,6.4
English,USA,116,75000000,47748610,0,1000,720,672,3090,0,170179,656,6.3
English,USA,155,36000000,44175394,14000,12000,11000,11000,37570,2,56509,227,7.2
English,USA,86,10000000,15447,71,795,474,385,2655,0,2971,85,3.5
English,USA,89,45000000,65557989,49,2000,902,514,3717,0,73539,271,4.6
English,USA,94,50000000,58297830,383,4000,808,753,6017,1,86347,191,7.1
English,USA,139,50000000,147637474,274,625,440,285,1474,0,224671,470,7.7
English,USA,68,17000000,53868030,116,8000,503,481,10557,2,183425,425,7
English,USA,125,125000000,107285004,541,920,890,409,2699,3,189855,1018,3.7
English,USA,155,15000000,26384919,0,3000,360,170,3677,15,189032,560,7.9
English,USA,93,36000000,50129186,84,551,284,263,1874,0,38399,218,6.9
English,USA,75,32000000,3562749,10,3000,2000,826,7394,0,5600,49,6.9
Dutch,Netherlands,122,4500000,713413,4,25,20,3,48,1,9171,68,7.8
English,USA,113,250000,12006514,0,13000,1000,781,15765,5,114070,500,7.3
Persian,Iran,89,180000,925402,373,36,35,27,100,0,27882,130,8.5
English,UK,96,180000,444354,11,584,559,490,3011,4,4049,111,6.4
English,USA,123,75000000,101087161,165,12000,878,744,15362,6,225282,339,6.8
English,USA,135,75000000,76081498,503,8000,137,67,8355,1,76099,162,6.7
English,USA,150,90000000,100853835,0,11000,1000,135,12289,2,200556,611,7.4
English,USA,120,10000000,44886089,446,22000,13000,1000,40117,3,69576,207,6.9
English,Australia,107,12000000,141853,0,941,754,745,3099,2,1427,12,6
English,Canada,90,365000,489220,165,686,648,319,1743,0,160511,696,7.3
English,USA,108,116000000,67155742,79,650,293,268,1569,1,62271,277,5.8
English,USA,96,20000000,10569071,11000,11000,474,223,11867,2,35586,131,7.4
English,USA,117,20000000,821997,69,898,577,87,1753,0,666,40,7
English,USA,147,35000000,41954997,179,40000,14000,646,56014,2,225122,234,7.8
English,USA,97,1000000,464655,4,611,394,301,1692,0,1524,29,7
English,UK,130,60000000,26616590,545,722,585,552,2525,0,120416,857,6.7
English,USA,109,6000000,14821531,148,2000,434,426,3843,2,6915,209,7.3
English,USA,138,80000000,112225777,610,12000,1000,805,17087,0,283967,535,7.3
English,USA,94,300000,40542,37,318,157,104,751,0,294,16,5.5
English,USA,90,80000000,92969824,10,49000,570,159,50005,1,63625,64,5.2
English,USA,125,50000000,48154732,0,10000,2000,957,15569,1,60326,142,5.8
English,USA,106,36000000,12339633,487,685,485,263,1942,2,220591,641,7.8
English,USA,92,55000000,105263257,39,3000,562,458,4518,0,56168,103,5.4
English,USA,126,10000000,138339411,835,49000,13000,893,63710,2,604904,682,8.3
English,USA,107,15000000,28014536,5,893,822,141,2044,1,73347,296,7.4
English,USA,84,650000,2301777,21,465,170,48,714,2,819,36,6.5
English,USA,93,650000,13960203,3,1000,560,324,2939,2,2301,15,5.3
English,USA,86,500000,334041,204,659,529,474,2322,3,1038,21,6.5
English,USA,99,17000000,72219395,13,45000,4000,681,50284,1,105585,419,5.6
English,USA,86,17000000,33598,12,238,166,117,623,1,405,15,5.4
English,USA,75,250000,203134,45,5,2,0,7,0,1428,21,7
English,USA,90,35000000,63826569,0,19000,957,945,23504,0,32416,138,6.3
English,Canada,97,25000,2856622,119,136,108,7,254,0,11550,197,7.3
English,USA,154,12000000,39647595,16000,22000,1000,889,25522,5,239540,462,7.5
English,USA,115,27000000,60491560,39,11000,956,685,14322,1,50653,143,6.6
English,USA,134,28000000,5532301,17000,2,2,0,4,0,21606,117,7
English,USA,138,35000000,64604977,161,18000,398,210,19129,2,414219,625,8.3
English,USA,86,45000000,181395380,293,509,418,255,2070,1,220392,243,6.8
English,UK,93,45000000,2542264,23,471,232,130,938,1,3407,48,7.1
English,USA,104,10000000,12514138,28,962,826,582,3871,0,2801,28,7.4
English,USA,115,50000000,10556196,333,972,713,317,2606,2,16562,73,6.2
English,USA,98,90000000,250147615,188,10000,826,602,12998,0,403014,289,7.3
English,USA,155,30000000,25078937,16000,18000,461,229,19689,2,31751,216,6.6
English,USA,97,25000000,41067398,420,695,635,585,2530,2,22748,41,6.1
English,USA,95,30000000,35927406,40,663,349,342,2266,0,36363,256,3.7
English,Hong Kong,86,30000000,12674183,472,472,155,64,773,1,19774,70,6.2
English,USA,105,46000000,126805112,29,8000,1000,692,12344,1,98199,169,6.3
English,USA,98,25000000,44455658,176,742,658,468,2457,2,36253,92,6.7
English,USA,92,1000000,582024,406,406,203,194,904,0,30396,168,6.2
English,USA,132,16000000,1508689,44,1000,653,241,2004,2,5648,50,6.7
English,USA,106,8000000,532190,23,1000,273,200,1610,2,5673,37,6.8
Japanese,Japan,134,2400000000,2298191,6000,893,851,745,2710,0,221552,570,8.4
English,USA,120,24000000,101334374,0,865,851,221,2321,5,124941,488,6.1
English,USA,127,20000000,35422828,16,565,441,399,1735,1,19126,155,6.7
English,USA,136,70000000,37901509,218,11000,691,400,12226,1,96385,119,7
English,USA,103,45000000,2154540,170,849,623,269,2457,2,3803,41,4.9
English,UK,99,3000000,302204,13,419,254,159,975,3,6705,53,6.6
English,Denmark,121,35000000,2221994,55,1000,1000,918,3125,1,11747,99,6.4
English,USA,100,26000000,2221994,2,642,638,512,2170,2,8118,69,6.3
English,USA,115,7500000,43490057,88,1000,1000,890,4737,6,5275,30,6.9
English,USA,90,7500000,5494,18,491,490,422,2633,3,377,13,5.6
English,USA,98,40000000,54967359,20,2000,2000,968,7039,0,52805,209,5.2
English,USA,121,160000000,48068396,101,673,368,202,2027,0,60573,248,3.7
English,UK,93,25000000,29247405,14,1000,401,199,2176,1,28377,261,3.3
English,USA,129,105000000,54700065,719,660,475,423,2031,0,221521,1049,7.2
English,USA,97,16000000,1686429,34,503,489,465,3100,1,8687,62,2.8
English,USA,118,37000000,6482195,11,37,12,12,74,1,9740,81,6.4
English,USA,134,5000000,20733485,3000,205,130,77,428,1,11622,157,7.2
English,UK,89,29000000,22359293,12,1000,409,373,2056,0,16222,39,5.8
French,France,101,29000000,244465,163,837,130,34,1019,1,1135,14,6.8
Japanese,Japan,111,1000000,94596,62,89,13,6,115,0,6318,50,7.4
English,USA,136,57000000,60984028,138,18000,14000,9000,45271,2,259519,431,7.5
English,USA,111,86000000,42877165,79,11000,11000,2000,26088,0,45602,114,6.1
English,USA,117,86000000,27779888,93,12000,1000,904,14831,2,55913,182,6.9
English,France,126,93000000,63540020,0,14000,13000,10000,39319,2,343274,742,7.7
English,UK,91,3500000,45857453,11,1000,891,121,2323,3,82232,174,7.2
English,UK,91,3500000,45857453,11,1000,891,121,2323,3,82232,174,7.2
English,USA,129,50000000,48265581,21000,495,294,283,1397,1,261069,506,7.8
English,USA,112,18000000,7837632,0,805,223,177,1466,0,46396,287,7.5
English,USA,124,60000000,54910560,105,24000,13000,460,38227,0,88225,227,6.3
English,USA,92,4000000,12836,19,18000,759,599,20135,1,1686,28,5.8
English,USA,129,73000000,229074524,14000,610,506,227,1635,0,278362,552,6.5
English,USA,94,20000000,13801755,36,13000,828,507,15183,1,23928,100,6.6
English,USA,124,50000000,41256277,75,294,273,258,1289,2,46451,156,5.9
English,USA,177,80000000,17593391,0,766,674,582,4346,1,56403,376,6
English,USA,135,40000000,45856732,0,13000,936,913,16762,1,46221,141,7.1
English,UK,110,40000000,33927476,0,510,344,308,1976,0,19176,165,5.7
English,USA,116,68000000,61355436,176,192,117,84,475,0,52136,184,6.2
English,USA,110,10000000,10200000,342,623,508,393,1722,0,18697,263,7.3
English,USA,81,250000,18195,0,119,24,5,154,0,336,7,6.3
English,Canada,112,5000000,4306697,460,990,900,395,2820,0,26720,196,7.7
French,France,101,60000000,231417,324,678,541,28,1256,0,1649,21,6.6
English,USA,194,200000000,658672302,0,29000,14000,794,45223,0,793059,2528,7.7
English,UK,119,110000000,125332007,55,811,766,387,2958,3,149680,328,6.5
English,USA,86,375000,617172,3,643,606,513,2864,1,4407,75,7
English,USA,100,71000000,11466088,0,995,879,745,3952,0,8983,84,4.7
English,USA,84,1000000,1950218,56,21000,104,13,21124,3,5933,102,5.6
English,USA,113,2700000,9054736,9,402,222,42,787,1,5744,57,7.1
English,USA,104,90000000,47474112,81,3000,643,612,5062,0,58227,181,5.4
English,USA,97,15000000,43022524,272,22000,4000,957,29252,0,67604,218,7.1
English,USA,101,35000000,6448817,31,690,457,448,1993,0,2189,31,4.6
English,USA,87,60000,536767,0,1000,184,153,1362,0,1622,83,5.3
English,USA,121,13000000,16574731,15,4000,957,812,6910,4,27675,181,5.8
English,USA,95,120000000,162792677,487,18000,1000,1000,24205,0,211226,317,7.2
English,USA,115,60000000,56702901,234,3000,552,521,4713,1,23302,181,6.5
English,USA,82,17000000,30324946,12,8000,357,281,9271,2,48458,239,6.2
English,UK,121,17000000,16311763,0,989,888,244,2365,1,50656,416,7.5
English,USA,101,7500000,6712241,194,1000,816,602,3858,2,782437,1420,8.6
English,UK,93,2500000,64359,12,578,29,15,643,1,811,26,5.9
English,USA,83,105000000,90646554,35,13000,11000,754,25788,0,124641,289,6.6
English,USA,153,140000000,201573391,0,13000,12000,537,26029,0,322395,1171,6.6
English,Australia,97,80000000,18318000,750,1000,971,231,2521,0,24868,216,5.8
English,Canada,76,15000000,11144518,9,595,417,47,1139,0,2724,53,2.8
English,USA,172,55000000,22843047,438,852,637,466,2397,1,6082,207,5.9
English,USA,110,45000000,70001065,45,886,650,595,3174,1,191437,582,7.1
English,Canada,89,25000000,32368960,31,285,81,71,667,0,39768,292,5.3
English,USA,90,600000,13493,4,919,711,218,2288,0,531,19,6.6
English,USA,110,1500000,2365931,787,1000,787,642,4762,2,36657,318,7.5
English,USA,108,30000000,26525834,631,631,199,95,1023,1,21998,227,6.8
English,USA,100,10000000,25339117,4,982,945,678,4259,4,37885,247,6.5
English,USA,113,12000000,5032496,11000,537,255,99,943,0,20576,161,6.3
Portuguese,Brazil,113,2900000,5595428,179,119,14,11,167,0,28951,257,8
English,USA,95,10000000,306715,43,1000,788,611,5213,1,5143,62,2.3
English,Germany,114,55000000,78745923,52,12000,702,539,13905,1,94407,322,6.7
English,Germany,104,8000000,1789892,71,1000,261,168,1795,1,9494,109,6.6
English,USA,97,8000000,565592,23,982,599,326,2580,0,2189,63,6.8
English,Australia,111,27000000,14337579,295,3000,882,531,4696,1,156929,624,7.7
English,USA,96,14000000,15062898,0,3000,2000,654,6861,0,11729,106,6
English,USA,120,75000000,140459099,75,11000,4000,3000,22750,0,135601,493,6.1
English,USA,106,45000000,11146409,208,3000,1000,855,6558,0,26551,273,6
English,USA,90,2000000,99147,204,1000,697,697,3207,3,1884,28,6.2
English,Canada,82,13000000,9975684,799,721,359,294,1805,0,20033,117,6.4
English,Australia,84,15000000,17411331,119,989,982,918,4660,3,17328,237,5.5
English,USA,85,71500000,144156464,84,1000,1000,595,4166,0,74343,98,5.3
Hindi,India,110,71500000,528972,375,113,102,59,371,0,5639,55,7.8
English,UK,124,25000000,30012990,159,288,249,240,1006,1,75973,409,7.5
English,USA,140,90000000,111544445,12000,10000,660,619,11951,4,188116,415,7.3
English,USA,121,26000000,65703412,72,1000,794,343,2747,1,57958,345,7
English,USA,118,18500000,10562387,0,40000,693,551,43105,0,213226,648,7.7
English,USA,105,3500000,6390032,386,3000,258,248,4238,2,24977,229,7.5
English,USA,82,8000000,17278980,33,744,503,475,2400,0,48225,164,6.7
English,USA,134,3000000,3000000,377,22000,11000,812,36859,9,55329,499,7.8
English,USA,97,70000000,19819494,13,11000,893,695,13628,0,26893,126,5.8
English,USA,136,25000000,21554585,0,18000,14000,3000,37315,0,36108,109,6.9
English,USA,114,60000000,12065985,65,743,730,440,2367,1,16260,88,4.9
English,USA,91,15000000,10443316,23,925,660,629,2913,2,7159,88,5
English,USA,114,30000000,60033780,0,970,631,545,2860,1,18973,162,5.9
English,USA,124,20000000,37672350,8,508,270,232,1660,1,5427,51,5.5
English,USA,93,3500000,10305534,0,625,118,78,987,2,1721,38,3.9
English,USA,100,24000000,39989008,41,45000,1000,970,49847,2,55398,418,4.6
English,Spain,119,24000000,836641,0,816,623,54,1585,0,1402,40,6.2
English,Aruba,91,35000000,10076136,85,635,316,105,1352,0,11512,141,4.8
Spanish,Mexico,106,3500000,886410,22,174,16,10,222,0,1024,494,6.8
French,France,118,140000000,146072,8,106,56,11,182,0,7147,16,6
English,USA,127,140000000,129734803,503,5000,808,91,6171,2,127497,287,6.6
English,UK,97,140000000,4595000,39,1000,497,286,2103,4,13892,160,7
English,USA,100,12000000,12902790,98,1000,849,604,3250,1,4052,88,6.6
English,UK,120,960000,3650677,0,26000,1000,452,28294,1,414976,523,8.2
English,USA,130,80000000,69102910,81,10000,882,427,12186,0,58402,370,5.1
English,USA,178,90000000,44606335,102,12000,11000,551,23950,0,169023,703,7.1
English,USA,93,24000000,4308981,9,23000,284,254,24436,2,2265,37,3.9
English,USA,111,60000000,32940507,17,13000,968,652,16536,1,54314,127,6.1
English,USA,111,60000000,32940507,17,13000,969,652,16537,1,54316,127,6.1
English,USA,114,90000000,50628009,31,9000,496,372,10731,0,22955,88,5.6
English,USA,88,90000000,120618403,7,2000,500,484,4478,0,171792,222,7.5
English,USA,107,700000,10508,0,752,282,236,1763,4,103,6,6.5
English,USA,104,1000000,3386698,122,22000,472,458,23461,1,4195,86,6.7
English,USA,127,30000000,23209440,73,11000,882,433,12785,3,9283,112,7
English,USA,123,48000000,37339525,0,3000,745,23,3768,1,71708,307,7
English,USA,115,50000000,135014968,293,49000,22000,878,74382,1,80580,375,6.7
English,USA,84,60000,3216970,0,1000,512,194,2065,0,142619,586,7.5
English,USA,104,48000000,46611204,165,1000,967,944,4294,1,55749,257,6.1
English,France,143,65000000,38966057,0,509,317,210,1409,0,23940,157,6.7
English,UK,122,55000000,41609593,287,22000,2000,135,24270,2,145422,572,7.3
English,USA,121,12000000,22905674,131,13000,940,599,14890,2,121676,290,7.4
German,Germany,81,3500000,7267324,670,486,37,34,623,1,161471,709,7.8
English,USA,93,9000000,17096053,0,13000,933,766,15716,2,134458,640,7.7
English,USA,88,1000000,21210,29,499,230,117,1141,0,2735,52,6.1
English,USA,169,70000000,216119491,14000,15000,14000,13000,44998,2,881236,2277,8.6
English,USA,123,25000000,100241322,108,1000,264,239,1690,0,175524,752,7.2
English,USA,114,30000000,18252684,160,1000,367,271,1816,2,18366,219,6.9
English,USA,98,70000000,74329966,425,11000,643,397,12729,2,60910,164,5.7
English,USA,91,2000000,124494,4,33,3,0,36,1,5613,102,6.7
English,USA,100,1000000,982214,12,245,38,6,295,0,1976,51,7.2
English,UK,99,9000000,11883495,29,711,427,161,1462,1,52805,278,6.8
English,USA,91,5000000,5480318,84,1000,778,572,2691,0,9427,79,6.6
English,USA,108,40000000,53955614,287,4000,835,823,8610,0,77415,139,6.1
English,Canada,89,2000000,6719300,149,912,752,580,3163,3,8224,132,7.2
English,USA,98,69000000,55585389,0,12000,854,697,15269,1,64121,241,5.9
English,UK,99,75000000,14567883,545,933,722,533,2542,1,44248,373,6
English,USA,134,75000000,36976367,272,548,270,215,1044,3,81611,274,6
English,USA,103,58000000,70117571,906,1000,906,748,6207,0,56741,515,6.4
English,USA,124,50000000,91030827,0,8000,818,701,9988,2,46482,252,6.7
English,UK,94,50000000,69582,0,722,338,136,1477,2,867,21,6.4
Spanish,Spain,115,700000000,1687311,98,341,26,4,371,3,2412,40,7.2
English,USA,104,1000000,1687311,6,922,893,467,2406,6,372,20,5.5
English,USA,91,13000000,27052167,6,904,471,459,3353,5,24834,168,6.1
English,USA,117,15000000,17439163,0,22000,12000,12000,47728,1,537419,1028,8.2
English,UK,114,1300000,17439163,7,19,16,2,37,0,270,7,5.6
Danish,Denmark,105,1300000,1647780,346,280,278,141,821,1,65951,258,8.1
English,USA,104,15000000,40064955,0,4000,4000,1000,12170,1,92074,502,6.4
English,USA,170,60000000,75370763,0,19000,1000,380,20683,0,32353,263,6.5
English,UK,111,105000000,146083,2,735,306,227,1378,3,1591,27,6.3
English,USA,99,150000000,146083,45,1000,393,224,2166,1,1465,56,7.4
English,USA,99,195000000,146083,45,1000,393,224,2166,1,1465,56,7.4
English,USA,86,40000000,22717758,7,10000,908,795,14275,0,11156,67,6.2
English,USA,132,35000000,56876365,130,29000,130,80,29265,1,125219,244,6.4
English,USA,136,65000000,93771072,258,12000,174,94,12396,0,135404,318,6.7
English,USA,100,65000000,2643689,23,1000,577,545,2283,4,10499,113,7.3
English,Germany,140,50000000,44484065,473,18000,822,294,20152,2,107227,279,7.3
English,USA,123,27000000,10297897,0,11000,597,324,11969,4,8309,39,6
English,USA,111,15000000,29106737,13,818,511,106,1450,0,15582,132,6
English,USA,104,4500000,23031390,0,1000,597,498,2868,9,4345,26,5.6
English,USA,99,70000000,101217900,59,770,263,145,1195,2,91093,353,7
French,Canada,130,10000000,9473382,63,24,3,2,29,3,26832,247,7.7
English,USA,96,30000000,18967571,845,978,968,488,3072,2,23345,167,6.1
English,USA,83,24000000,100491683,5,971,503,368,3438,0,14005,67,5.9
English,USA,116,70000000,40932372,380,18000,13000,774,32563,0,58023,281,6.3
English,USA,215,52000000,36385763,0,648,568,463,1937,0,138941,1448,7.6
English,USA,103,60000000,125603360,608,2000,617,576,3698,1,667983,877,8.1
English,USA,100,4000000,125603360,137,4000,575,476,5796,0,1555,40,5
English,USA,90,20000000,161487252,153,11000,1000,427,13823,0,119450,300,6.1
English,USA,121,66000000,83892374,38,940,826,745,4230,0,85720,297,7
English,USA,107,23000000,176483808,101,931,852,743,4664,1,247289,611,7.1
English,USA,99,14000000,38048637,9,975,912,648,3500,4,47814,426,5.5
English,USA,104,20000000,20241395,0,2000,1000,877,5123,0,42664,403,6.1
English,UK,124,20000000,1043487,162,23000,776,277,24102,3,27766,314,7
English,USA,100,10000000,9801782,532,4000,796,711,6046,0,39331,481,6.3
English,UK,91,3000000,24788807,52,773,588,482,1965,0,21245,213,7.4
English,USA,113,85000000,55350897,25,49000,448,129,49631,1,83560,619,7
English,USA,115,20000000,29753944,39,13000,481,254,14275,3,90677,389,6.5
English,USA,117,25000000,777423,162,2000,878,745,4351,0,5841,57,7.2
English,USA,84,13000000,8026971,18,1000,851,744,3352,0,1520,20,3.8
English,USA,119,65000000,115731542,0,15000,793,744,17768,2,151812,556,6.5
English,USA,116,5000000,1980338,52,624,385,102,1209,2,12366,151,7
English,USA,97,16000000,38176108,19,23000,13000,835,37907,6,222099,549,7.2
English,USA,101,6000000,6851636,112,1000,744,612,2697,5,13010,182,5.9
English,Germany,123,40000000,36283504,541,12000,638,173,12970,1,104564,587,6.5
English,USA,100,7000000,2148212,0,655,476,359,1906,0,781,20,6.3
English,UK,90,7000000,18434,222,5000,680,222,6111,2,4471,47,7.7
English,USA,107,14000000,4741987,956,10000,233,113,10368,1,6782,114,6.6
German,Germany,125,15000000,927107,4,177,66,36,333,1,5153,51,7.3
English,USA,122,15000000,130058047,0,18000,828,158,19078,0,822500,2715,8.4
English,USA,95,11000000,101736215,80,3000,1000,1000,8134,6,315549,789,7
English,UK,97,14000000,18535191,32,893,692,327,2640,3,12980,132,6.9
English,USA,103,30000000,106694016,11000,22000,979,636,24333,2,123940,337,6.7
English,USA,145,25000000,13038660,317,876,219,70,1282,1,16995,163,7.3
English,USA,148,75000000,39251128,72,582,103,99,804,2,31080,217,6.7
English,USA,156,55000000,75530832,0,14000,2000,1000,20761,5,97047,452,6.8
English,USA,114,23000000,18653615,61,20000,797,407,22040,2,14786,103,6.1
English,USA,117,21500000,24362501,89,12000,541,442,13576,1,69980,591,7.2
English,USA,128,60000000,22326247,34,978,886,685,3821,1,11232,106,5.9
English,USA,95,33000000,205399422,116,45000,645,481,47203,1,181225,784,6.6
English,USA,97,18000000,27141959,84,899,842,782,2936,2,19547,168,2.5
English,USA,91,6500000,10149779,38,730,461,91,1405,0,8294,160,3.6
English,USA,112,13000000,22858926,0,512,216,213,1171,2,254404,840,7.8
English,USA,108,500000,2047570,6,54,44,43,194,3,6790,80,7.6
English,USA,132,100000000,58220776,0,49000,1000,957,55254,0,87785,362,6.8
English,USA,93,34200000,163479795,221,12000,11000,781,26760,0,161858,289,6.4
English,USA,112,35000000,26494611,37,3000,874,480,5709,0,48621,239,6.6
English,USA,93,65000000,68208190,10,789,744,405,2986,1,60572,144,6.3
English,USA,85,55000000,66365290,0,21000,860,490,22458,2,56874,358,6.4
English,USA,118,2000000,11533945,108,173,148,103,563,0,77551,434,7.6
English,USA,110,12000000,175370,18,13000,883,865,17417,1,6884,133,4.6
English,USA,121,55000000,16640210,17000,12000,368,245,13040,0,53028,382,6.8
English,USA,100,25000000,10114315,57,181,151,92,582,0,18693,187,6.4
English,USA,85,1200000,2199853,91,1000,1000,849,4289,1,19986,186,6.6
English,USA,102,34000000,11227940,3,372,248,239,1274,0,8367,94,5.2
English,USA,132,32000000,2899970,0,13000,898,876,16878,2,8039,161,6.9
English,USA,111,15000000,1954202,0,783,664,617,4834,0,5917,71,6.3
English,USA,97,10500000,38201895,16,4000,656,637,6223,3,149222,749,6.9
English,USA,105,60000000,73648142,212,1000,975,811,3697,1,99043,643,5.8
English,France,104,800000,144583,37,574,573,501,1983,0,2256,79,6.5
English,USA,95,15000000,4193025,89,1000,852,322,2518,0,30682,194,6.8
English,USA,88,17000000,65535067,31,1000,489,489,2604,1,59380,202,5.7
English,France,94,13000000,6241697,26,16000,8000,4000,31005,2,16059,210,6.1
English,USA,130,10000000,30651422,0,13000,1000,769,16693,8,181737,1015,7.4
English,USA,105,70000000,116735231,78,984,489,298,2129,0,56646,336,6.4
English,USA,77,5000000,19421271,0,2000,804,73,2908,1,2448,18,5
English,USA,92,2000000,7680,4,631,443,405,2020,0,704,18,6.4
English,USA,91,8000000,17843379,13,452,442,292,1760,2,14904,147,5.7
English,Germany,97,10000000,10561238,31,4000,980,551,6388,0,27265,321,6.5
English,USA,77,22000000,9694105,37,3000,968,795,5568,0,8176,77,3.8
English,UK,96,1900000,4170647,70,883,183,163,1616,0,14548,161,6.9
English,USA,122,55000000,22362500,2000,11000,1000,1000,15275,0,35599,195,6.1
English,USA,103,8000000,14879556,729,2000,841,133,3516,0,73640,441,7.3
English,USA,121,83000000,66862068,0,1000,1000,595,3903,0,89509,524,5.7
English,USA,113,66000000,87704396,36,537,427,232,1302,1,88132,274,6.2
English,Canada,115,31000000,2840417,0,1000,900,716,2990,0,77493,527,6.8
English,Canada,109,15000000,16459004,11,471,308,159,1069,1,13320,415,4.9
English,UK,159,65000000,55637680,0,10000,580,521,11424,1,227071,1500,7.3
English,USA,74,80000000,60507228,11,340,243,62,814,0,27543,186,7.3
English,Canada,116,63000000,819852,460,5000,203,71,5426,0,6690,83,7
English,USA,151,63000000,37023395,21000,11000,783,637,13209,2,1347461,2968,8.8
English,USA,112,15000000,4485485,541,22000,22000,638,46022,1,14612,105,6.4
English,USA,84,2000000,6026908,11,489,469,249,2196,0,536,13,4.3
English,USA,137,50000000,35168395,0,24000,743,432,25469,0,26034,226,6.5
English,USA,102,45000000,71423726,23,25000,724,436,26998,3,123558,609,7.3
English,France,116,45000000,3300230,0,251,147,116,675,1,70084,346,7.5
English,USA,127,24000000,28871190,446,11000,1000,898,13433,0,125421,385,7.3
English,USA,102,6500000,16842303,218,900,563,376,2475,3,59474,418,7.3
Japanese,Japan,99,1000000000,10037390,2,43,3,3,53,0,5442,140,6
English,USA,98,1700000,1943649,3,349,347,327,2095,3,8697,122,6.3
English,USA,89,8000000,4692814,15,883,826,660,3291,2,2870,34,5.1
English,USA,93,19000000,40846082,37,885,828,545,2872,0,45317,536,5.6
English,UK,99,2200000,104257,8,798,472,78,1430,2,19194,160,7.1
English,USA,92,20000000,4002955,6,890,729,577,3654,0,33745,198,6.2
English,USA,100,30000000,11900000,277,21000,767,210,22006,0,11003,148,5.5
English,USA,95,7000000,14003141,48,1000,865,826,4837,1,4598,29,6.1
English,USA,110,75000000,97360069,16,2000,710,692,5320,0,36491,231,4.1
English,USA,126,55000000,34098563,226,12000,509,241,13406,1,27191,232,6.5
English,France,120,15000000,4956401,0,49000,1000,693,51657,2,12601,89,6.5
English,USA,87,3500000,3071947,18,3000,2000,844,9555,3,18711,183,5.4
English,USA,107,2500000,1282084,7,745,631,442,2125,1,6221,87,7
English,USA,97,3000000,39852,700,599,325,56,1030,1,1238,25,6.7
English,USA,82,27000000,31768374,49,1000,888,429,3313,0,42761,366,5.6
English,USA,99,13000000,5871603,7,3000,1000,730,6485,3,3116,39,6
English,USA,126,8000000,1997807,407,638,107,39,823,0,5158,140,7.1
English,USA,94,4000000,2800000,24,834,625,545,2662,3,4377,85,5.8
English,USA,188,37000000,22450975,0,786,625,272,1906,1,241030,1437,8
English,UK,118,52000000,34580635,869,134,27,21,209,1,100743,549,7.4
English,USA,131,55000000,52799004,43,18000,652,362,19815,0,28942,223,6.1
English,UK,102,40000000,33864342,6,711,683,584,2913,1,29968,117,5.8
English,USA,102,21000000,15593,18,670,419,186,1562,1,2295,40,5.8
English,USA,112,28000000,4554569,759,11000,1000,933,17873,4,8134,123,6.9
English,USA,87,24000000,16290976,25,1000,670,611,3243,0,14637,100,6.2
English,USA,94,65000000,36830057,80,1000,417,230,2151,2,10883,73,4.9
English,USA,121,65000000,29655590,18,1000,855,776,3986,4,53970,435,6
English,Canada,119,28000000,8888143,116,738,428,385,2171,0,22250,123,6.7
English,UK,124,42000000,116006080,50,8000,437,427,9255,1,203269,602,7
English,USA,89,10000000,10824921,406,989,939,759,3462,0,200293,621,7.8
English,Spain,121,11350000,229311,0,854,578,353,2705,2,899,42,6.2
English,USA,96,7000000,7292175,30,761,412,407,2018,3,7736,100,6.4
English,USA,90,50000000,81517441,241,1000,495,416,3148,1,111368,394,7.1
English,USA,124,24000000,8427204,41,512,481,197,1523,0,10100,59,5.4
English,USA,124,38000000,8406264,179,11000,617,551,13093,3,24826,175,6
English,USA,133,64000000,31054924,521,11000,1000,970,16710,1,17025,290,5.1
English,Czech Republic,101,12000000,2060953,61,769,692,611,2543,0,29990,316,7.1
English,USA,148,35000000,630779,0,3,2,0,5,0,11101,159,6.8
English,USA,116,70000000,152149590,0,8000,3000,995,12790,2,74274,255,5.5
English,USA,95,10000000,63319509,7,23000,1000,1000,28734,2,67115,389,5.8
English,Germany,96,6000000,4394936,3,4000,812,353,5668,1,11439,190,5.3
English,USA,90,40000,277233,4,20000,467,113,20814,5,2631,26,7.6
English,USA,127,36000000,14378353,96,746,602,577,2393,1,12375,194,6.8
English,USA,81,21000000,52008288,406,893,795,406,3003,1,162037,928,7.8
English,USA,105,1000000,52008288,5,590,231,73,1042,2,1434,43,5.2
English,USA,136,115000000,474544677,0,20000,14000,1000,37723,1,534658,3597,6.5
English,USA,103,29000000,50041732,9,826,724,573,3004,0,54390,398,6.2
English,USA,99,12000000,21133087,192,347,301,282,1254,0,62468,374,7
English,Germany,84,133000000,140015224,50,979,886,692,3382,0,94172,179,5.9
English,UK,92,250000,177840,99,793,605,181,1987,2,708,22,6.1
English,USA,142,22000000,19283782,0,978,911,854,5386,0,31227,354,6.6
English,USA,81,14000000,30628981,54,8000,670,636,10792,1,15047,160,5
English,Italy,117,12000000,14348123,160,718,330,55,1148,6,9323,157,6.9
English,USA,102,85000000,32694788,323,845,372,241,1815,1,101411,546,6.6
English,USA,73,17000000,11634458,11,1000,436,142,2020,0,2045,37,5.8
English,USA,109,34000000,10654581,7,40000,9000,1000,52621,0,45497,260,5.3
English,USA,109,34000000,10654581,7,40000,9000,1000,52621,0,45500,260,5.3
English,USA,105,1300000,609042,7,2000,783,548,3475,2,449,38,6.5
English,USA,120,9000000,34074895,92,1000,886,862,5420,6,6525,79,6.7
English,UK,86,4000000,185577,8,759,638,428,2805,1,2133,31,6.3
English,USA,81,60000,140530114,19,170,170,39,399,0,186786,3400,6.4
English,USA,118,48000000,66488090,176,18000,11000,308,29748,2,120202,397,6.7
English,Canada,102,7000000,66488090,78,12000,333,184,12680,2,197845,876,7.9
English,USA,110,30000000,15156200,164,258,218,45,571,2,15358,131,6
English,USA,106,40000000,13376506,22,2000,642,613,4327,1,10413,111,6.3
English,UK,102,23000000,10660147,277,327,261,57,672,0,17740,165,7.2
English,USA,116,95000000,102678089,165,577,501,475,2321,0,42705,274,6.3
English,USA,189,60000000,136801374,0,15000,745,693,17716,0,782610,1377,8.5
English,USA,113,80000000,91188905,101,14000,960,913,17786,0,58184,805,4.9
English,USA,146,38000000,50668906,278,18000,584,494,20516,0,76016,265,7.6
English,USA,157,68000000,28965197,0,14000,826,680,18216,1,133526,521,7.9
English,USA,90,70000000,23159305,663,14000,631,521,16358,1,128455,514,8
English,USA,89,9000000,3193102,0,402,296,132,1335,0,24412,240,7.1
English,USA,106,4000000,399793,81,2000,811,687,4343,0,2877,70,5.4
English,USA,136,63000000,171383253,0,18000,145,99,18563,3,1217752,3646,8.7
English,France,158,390000000,14131298,0,51,40,15,144,0,55889,390,6.4
English,USA,97,15000000,11614236,745,12000,821,745,15209,2,9294,140,5.6
English,Spain,133,38000000,18653746,2000,40000,903,541,42344,1,137722,638,6.7
English,USA,100,7500000,12610552,0,488,488,440,2428,0,4682,206,3.5
English,USA,90,40000000,28535768,39,607,322,210,1335,2,10446,105,5.3
English,USA,104,21000000,17757087,52,711,490,484,3162,1,13065,253,4.6
English,USA,107,40000000,293501675,0,13000,3000,766,17540,0,704766,2073,8.1
English,USA,95,50000000,27067160,0,13000,559,323,14706,1,18404,150,5.9
English,France,112,10000000,6197866,0,874,262,201,1351,0,63733,414,8
English,USA,139,40000000,81292135,333,22000,13000,1000,36810,1,137891,696,7.3
English,Germany,100,16000000,15500000,9,599,380,363,2389,0,51996,302,7
English,USA,113,48000000,69304264,323,1000,977,835,4660,0,73068,419,6.8
English,USA,90,6000000,4859475,0,4000,899,826,7103,0,116910,520,7.2
English,USA,88,1200000,110720,14,142,23,3,168,0,524,22,7.3
English,USA,106,6000000,25047631,44,865,405,328,2724,0,6585,50,6.9
English,UK,128,135000000,126930660,150,766,536,244,2037,2,157519,683,6.4
English,USA,114,48000000,60652036,737,2000,490,393,3743,1,137854,560,7.1
English,Australia,98,20000000,10544143,4,2000,1000,677,4843,2,16372,121,6.1
English,UK,154,10000000,6201757,608,1000,452,149,1690,1,10037,202,7.4
English,USA,82,90000000,245823397,487,15000,1000,967,21275,2,385871,515,7.9
English,USA,94,90000000,9016377,9,927,209,200,1936,3,1004,8,5.2
English,USA,102,312000,1281176,149,409,277,276,1986,1,2932,73,6.7
English,USA,111,500000,985341,35,980,505,482,3166,0,3479,87,7.3
English,USA,83,24000000,10431220,7,2000,577,485,4024,0,24216,162,4.1
English,USA,106,16000000,52885587,48,23000,255,35,23369,0,35312,267,6.4
English,USA,106,170000000,113745408,188,10000,4000,582,15870,2,129601,648,4.8
English,USA,100,30000000,11576087,38,811,586,362,2497,3,14747,338,4.1
